
USE school_management;

user info teacher

insert into user_info (start_date, end_date, deleted) values ('2021-08-19 02:00:32', '2023-06-05 04:50:21', 0);
insert into user_info (start_date, end_date, deleted) values ('2021-07-31 00:36:26', '2023-12-15 20:56:39', 0);
insert into user_info (start_date, end_date, deleted) values ('2021-11-07 19:45:55', '2023-01-09 03:20:39', 0);
insert into user_info (start_date, end_date, deleted) values ('2021-02-17 10:56:24', '2023-09-08 21:46:56', 0);
insert into user_info (start_date, end_date, deleted) values ('2021-04-20 14:47:20', '2023-09-03 12:12:12', 0);
insert into user_info (start_date, end_date, deleted) values ('2021-09-06 15:25:51', '2023-12-16 02:35:57', 0);
insert into user_info (start_date, end_date, deleted) values ('2021-08-24 07:19:37', '2023-06-09 00:50:05', 0);
insert into user_info (start_date, end_date, deleted) values ('2021-11-10 03:03:27', '2023-10-04 22:44:43', 0);
insert into user_info (start_date, end_date, deleted) values ('2021-05-22 00:38:44', '2023-12-14 11:50:15', 0);
insert into user_info (start_date, end_date, deleted) values ('2021-10-19 11:10:20', '2023-07-04 17:24:41', 0);
insert into user_info (start_date, end_date, deleted) values ('2021-10-10 05:46:03', '2023-09-25 18:55:56', 0);
insert into user_info (start_date, end_date, deleted) values ('2021-09-17 18:12:05', '2023-05-01 16:04:13', 0);
insert into user_info (start_date, end_date, deleted) values ('2021-02-01 06:51:02', '2023-10-13 16:09:55', 0);
insert into user_info (start_date, end_date, deleted) values ('2021-06-23 06:10:17', '2023-11-03 06:01:24', 0);
insert into user_info (start_date, end_date, deleted) values ('2021-11-07 18:33:46', '2023-10-14 22:28:43', 0);
insert into user_info (start_date, end_date, deleted) values ('2021-03-26 06:13:25', '2023-02-09 16:30:18', 0);
insert into user_info (start_date, end_date, deleted) values ('2021-01-25 03:51:30', '2023-03-23 18:38:46', 0);
insert into user_info (start_date, end_date, deleted) values ('2021-12-17 10:34:41', '2023-07-25 13:45:38', 0);
insert into user_info (start_date, end_date, deleted) values ('2021-01-28 18:33:23', '2023-11-10 15:16:19', 0);
insert into user_info (start_date, end_date, deleted) values ('2021-08-31 12:02:59', '2023-09-13 03:49:26', 0);
insert into user_info (start_date, end_date, deleted) values ('2021-01-27 17:50:30', '2023-02-07 07:42:31', 0);
insert into user_info (start_date, end_date, deleted) values ('2021-11-29 18:12:01', '2023-07-14 05:22:25', 0);
insert into user_info (start_date, end_date, deleted) values ('2021-02-23 14:07:28', '2023-06-14 15:49:13', 0);
insert into user_info (start_date, end_date, deleted) values ('2021-06-20 22:25:16', '2023-10-24 15:07:43', 0);
insert into user_info (start_date, end_date, deleted) values ('2021-07-27 06:46:21', '2023-03-20 14:28:45', 0);
insert into user_info (start_date, end_date, deleted) values ('2021-08-08 20:34:35', '2023-05-01 09:17:17', 0);
insert into user_info (start_date, end_date, deleted) values ('2021-10-30 18:51:58', '2023-07-15 20:23:28', 0);
insert into user_info (start_date, end_date, deleted) values ('2021-06-26 05:24:16', '2023-06-29 21:41:51', 0);
insert into user_info (start_date, end_date, deleted) values ('2021-05-02 08:06:14', '2023-05-27 00:22:29', 0);
insert into user_info (start_date, end_date, deleted) values ('2021-06-27 07:47:36', '2023-04-21 20:29:51', 0);

teacher

insert into user (address, created_date, dob, email, full_name, password, phone, updated_date, username, user_info_id) values ('92 Roth Circle', '2022-03-17 00:00:00', '1986-01-05 14:08:16', 'chardway0@flickr.com', 'Correna Hardway', 'JJpWZH', '7346063404', '2022-03-17 00:00:00', 'chardway0', 1);
insert into user (address, created_date, dob, email, full_name, password, phone, updated_date, username, user_info_id) values ('55008 Dakota Terrace', '2022-03-17 00:00:00', '1988-01-07 02:12:20', 'cmulvihill1@earthlink.net', 'Cloris Mulvihill', 'qxeSJdTX', '8732364428', '2022-03-17 00:00:00', 'cmulvihill1', 2);
insert into user (address, created_date, dob, email, full_name, password, phone, updated_date, username, user_info_id) values ('5394 Mallory Trail', '2022-03-17 00:00:00', '1991-11-14 01:35:35', 'arawstron2@desdev.cn', 'Addie Rawstron', 'nKShixxILbX', '6052245255', '2022-03-17 00:00:00', 'arawstron2', 3);
insert into user (address, created_date, dob, email, full_name, password, phone, updated_date, username, user_info_id) values ('2 Springview Center', '2022-03-17 00:00:00', '1983-09-10 18:47:08', 'apash3@apple.com', 'Andrei Pash', 'xEzyYgqqtH', '2264166455', '2022-03-17 00:00:00', 'apash3', 4);
insert into user (address, created_date, dob, email, full_name, password, phone, updated_date, username, user_info_id) values ('960 Gateway Way', '2022-03-17 00:00:00', '1994-04-11 14:05:16', 'cjeckells4@de.vu', 'Chad Jeckells', 'LH6QQLKyum', '9441565533', '2022-03-17 00:00:00', 'cjeckells4', 5);
insert into user (address, created_date, dob, email, full_name, password, phone, updated_date, username, user_info_id) values ('55979 Grim Terrace', '2022-03-17 00:00:00', '1998-10-06 21:47:05', 'fscamwell5@deviantart.com', 'Fletch Scamwell', 'luGmVH5', '3148967577', '2022-03-17 00:00:00', 'fscamwell5', 6);
insert into user (address, created_date, dob, email, full_name, password, phone, updated_date, username, user_info_id) values ('48 Del Sol Park', '2022-03-17 00:00:00', '1990-08-07 16:09:28', 'jbolingbroke6@blogtalkradio.com', 'Justis Bolingbroke', '6vXy4tf', '5381014908', '2022-03-17 00:00:00', 'jbolingbroke6', 7);
insert into user (address, created_date, dob, email, full_name, password, phone, updated_date, username, user_info_id) values ('4038 Amoth Hill', '2022-03-17 00:00:00', '1989-08-29 19:39:02', 'sesson7@senate.gov', 'Suzi Esson', 'QEb4ZzOAs8', '1144663485', '2022-03-17 00:00:00', 'sesson7', 8);
insert into user (address, created_date, dob, email, full_name, password, phone, updated_date, username, user_info_id) values ('3 Del Sol Junction', '2022-03-17 00:00:00', '1983-07-31 13:20:33', 'obaldree8@altervista.org', 'Orella Baldree', '7YQ5rk', '2601069131', '2022-03-17 00:00:00', 'obaldree8', 9);
insert into user (address, created_date, dob, email, full_name, password, phone, updated_date, username, user_info_id) values ('7 Sycamore Park', '2022-03-17 00:00:00', '1984-07-17 10:58:18', 'cganford9@bluehost.com', 'Carmencita Ganford', 'OChcwvC4E', '4126638402', '2022-03-17 00:00:00', 'cganford9', 10);
insert into user (address, created_date, dob, email, full_name, password, phone, updated_date, username, user_info_id) values ('1 Fieldstone Drive', '2022-03-17 00:00:00', '1998-12-10 11:51:00', 'mleeta@list-manage.com', 'Moses Leet', 'LpnVmt9hn', '1549669729', '2022-03-17 00:00:00', 'mleeta', 11);
insert into user (address, created_date, dob, email, full_name, password, phone, updated_date, username, user_info_id) values ('13664 Dryden Street', '2022-03-17 00:00:00', '1988-06-03 14:19:11', 'epandeyb@live.com', 'Ebony Pandey', 'm7YncqbB', '4301137808', '2022-03-17 00:00:00', 'epandeyb', 12);
insert into user (address, created_date, dob, email, full_name, password, phone, updated_date, username, user_info_id) values ('71916 Texas Way', '2022-03-17 00:00:00', '1997-10-11 06:28:23', 'kwaddinghamc@scribd.com', 'Kamilah Waddingham', 'vaZgbnvjp', '6068408528', '2022-03-17 00:00:00', 'kwaddinghamc', 13);
insert into user (address, created_date, dob, email, full_name, password, phone, updated_date, username, user_info_id) values ('896 Loftsgordon Center', '2022-03-17 00:00:00', '1982-04-01 08:47:23', 'kfoulshamd@examiner.com', 'Kyrstin Foulsham', 'BfORpjH', '9785768980', '2022-03-17 00:00:00', 'kfoulshamd', 14);
insert into user (address, created_date, dob, email, full_name, password, phone, updated_date, username, user_info_id) values ('79461 Gulseth Court', '2022-03-17 00:00:00', '1984-11-12 12:49:42', 'hahmede@taobao.com', 'Harlie Ahmed', 'x0fwj3T3c', '5141178732', '2022-03-17 00:00:00', 'hahmede', 15);
insert into user (address, created_date, dob, email, full_name, password, phone, updated_date, username, user_info_id) values ('1484 Talmadge Hill', '2022-03-17 00:00:00', '1995-08-15 11:13:06', 'bflatmanf@examiner.com', 'Brand Flatman', 'CoymWN', '2055564960', '2022-03-17 00:00:00', 'bflatmanf', 16);
insert into user (address, created_date, dob, email, full_name, password, phone, updated_date, username, user_info_id) values ('40469 Butterfield Circle', '2022-03-17 00:00:00', '1999-09-11 21:27:27', 'kcartmaelg@mapy.cz', 'Kennith Cartmael', '92OKHgQ', '8331968066', '2022-03-17 00:00:00', 'kcartmaelg', 17);
insert into user (address, created_date, dob, email, full_name, password, phone, updated_date, username, user_info_id) values ('4325 Northwestern Circle', '2022-03-17 00:00:00', '1989-08-30 18:53:40', 'ckigelmanh@guardian.co.uk', 'Clotilda Kigelman', 'tTg6sblzE', '1787008678', '2022-03-17 00:00:00', 'ckigelmanh', 18);
insert into user (address, created_date, dob, email, full_name, password, phone, updated_date, username, user_info_id) values ('17 Hoard Circle', '2022-03-17 00:00:00', '1992-05-17 01:46:56', 'jbellanyi@chron.com', 'Jenda Bellany', 'O4BZid74', '7028405150', '2022-03-17 00:00:00', 'jbellanyi', 19);
insert into user (address, created_date, dob, email, full_name, password, phone, updated_date, username, user_info_id) values ('23 Linden Trail', '2022-03-17 00:00:00', '1987-03-05 07:45:55', 'aledranej@rambler.ru', 'Aryn Ledrane', 'so0wZpdot', '4844669017', '2022-03-17 00:00:00', 'aledranej', 20);
insert into user (address, created_date, dob, email, full_name, password, phone, updated_date, username, user_info_id) values ('64 Main Drive', '2022-03-17 00:00:00', '1991-05-10 10:15:00', 'jcamillettik@tiny.cc', 'Janice Camilletti', '4o7uI0K', '4046396909', '2022-03-17 00:00:00', 'jcamillettik', 21);
insert into user (address, created_date, dob, email, full_name, password, phone, updated_date, username, user_info_id) values ('3789 Stoughton Road', '2022-03-17 00:00:00', '1982-07-11 06:55:29', 'pargonttl@1688.com', 'Poul Argontt', '1pEbnzd7v', '7838923742', '2022-03-17 00:00:00', 'pargonttl', 22);
insert into user (address, created_date, dob, email, full_name, password, phone, updated_date, username, user_info_id) values ('18357 2nd Terrace', '2022-03-17 00:00:00', '1995-03-18 14:01:54', 'ebothem@digg.com', 'Enoch Bothe', '8U0Xf8', '9957374935', '2022-03-17 00:00:00', 'ebothem', 23);
insert into user (address, created_date, dob, email, full_name, password, phone, updated_date, username, user_info_id) values ('3493 Basil Plaza', '2022-03-17 00:00:00', '1988-11-22 02:21:34', 'ocattersonn@icio.us', 'Oralla Catterson', 'IbX7wz8vQ', '1011958363', '2022-03-17 00:00:00', 'ocattersonn', 24);
insert into user (address, created_date, dob, email, full_name, password, phone, updated_date, username, user_info_id) values ('059 Hagan Lane', '2022-03-17 00:00:00', '1990-10-13 11:55:36', 'psebrenso@mac.com', 'Pate Sebrens', '1RITZP7vtse', '1059046074', '2022-03-17 00:00:00', 'psebrenso', 25);
insert into user (address, created_date, dob, email, full_name, password, phone, updated_date, username, user_info_id) values ('8 Morrow Drive', '2022-03-17 00:00:00', '1990-12-17 20:49:31', 'bantrump@soundcloud.com', 'Betti Antrum', '8wfksHN', '1863523251', '2022-03-17 00:00:00', 'bantrump', 26);
insert into user (address, created_date, dob, email, full_name, password, phone, updated_date, username, user_info_id) values ('61 Acker Hill', '2022-03-17 00:00:00', '1988-07-08 02:57:57', 'egollinq@shutterfly.com', 'Elayne Gollin', 'OdiU4j29', '4743216552', '2022-03-17 00:00:00', 'egollinq', 27);
insert into user (address, created_date, dob, email, full_name, password, phone, updated_date, username, user_info_id) values ('033 Superior Court', '2022-03-17 00:00:00', '1991-07-16 01:39:03', 'mbohillsr@ucoz.ru', 'Mirelle Bohills', 'EKaZ5GT6Ba1', '4993754168', '2022-03-17 00:00:00', 'mbohillsr', 28);
insert into user (address, created_date, dob, email, full_name, password, phone, updated_date, username, user_info_id) values ('52 Stephen Court', '2022-03-17 00:00:00', '1986-04-08 19:21:30', 'rdegues@ehow.com', 'Rubina Degue', 'gMCFXjMW8', '9682946659', '2022-03-17 00:00:00', 'rdegues', 29);
insert into user (address, created_date, dob, email, full_name, password, phone, updated_date, username, user_info_id) values ('1 Novick Crossing', '2022-03-17 00:00:00', '1996-11-05 16:40:54', 'asearst@nbcnews.com', 'Amie Sears', 'ybXLYDB', '1665910094', '2022-03-17 00:00:00', 'asearst', 30);

user info student

insert into user_info (admission_year, graduate_year, status) values (1989, 1995, 1);
insert into user_info (admission_year, graduate_year, status) values (2003, 1996, 1);
insert into user_info (admission_year, graduate_year, status) values (1972, 2009, 1);
insert into user_info (admission_year, graduate_year, status) values (1997, 1997, 1);
insert into user_info (admission_year, graduate_year, status) values (1998, 1998, 1);
insert into user_info (admission_year, graduate_year, status) values (2009, 2006, 1);
insert into user_info (admission_year, graduate_year, status) values (2012, 2003, 1);
insert into user_info (admission_year, graduate_year, status) values (2012, 2011, 1);
insert into user_info (admission_year, graduate_year, status) values (1977, 2009, 1);
insert into user_info (admission_year, graduate_year, status) values (1967, 1986, 1);
insert into user_info (admission_year, graduate_year, status) values (2003, 2008, 1);
insert into user_info (admission_year, graduate_year, status) values (2002, 2012, 1);
insert into user_info (admission_year, graduate_year, status) values (2006, 2006, 1);
insert into user_info (admission_year, graduate_year, status) values (2004, 1996, 1);
insert into user_info (admission_year, graduate_year, status) values (2007, 2011, 1);
insert into user_info (admission_year, graduate_year, status) values (2002, 1997, 1);
insert into user_info (admission_year, graduate_year, status) values (1996, 1996, 1);
insert into user_info (admission_year, graduate_year, status) values (2006, 2009, 1);
insert into user_info (admission_year, graduate_year, status) values (2008, 2004, 1);
insert into user_info (admission_year, graduate_year, status) values (1992, 1993, 1);
insert into user_info (admission_year, graduate_year, status) values (1988, 1995, 1);
insert into user_info (admission_year, graduate_year, status) values (2006, 1995, 1);
insert into user_info (admission_year, graduate_year, status) values (1995, 1993, 1);
insert into user_info (admission_year, graduate_year, status) values (2008, 2006, 1);
insert into user_info (admission_year, graduate_year, status) values (1996, 2002, 1);
insert into user_info (admission_year, graduate_year, status) values (1978, 1997, 1);
insert into user_info (admission_year, graduate_year, status) values (2001, 2013, 1);
insert into user_info (admission_year, graduate_year, status) values (1992, 1992, 1);
insert into user_info (admission_year, graduate_year, status) values (2008, 2009, 1);
insert into user_info (admission_year, graduate_year, status) values (1994, 2005, 1);
insert into user_info (admission_year, graduate_year, status) values (1989, 2007, 1);
insert into user_info (admission_year, graduate_year, status) values (2005, 2004, 1);
insert into user_info (admission_year, graduate_year, status) values (1973, 1986, 1);
insert into user_info (admission_year, graduate_year, status) values (2010, 1991, 1);
insert into user_info (admission_year, graduate_year, status) values (1990, 2011, 1);
insert into user_info (admission_year, graduate_year, status) values (1986, 1989, 1);
insert into user_info (admission_year, graduate_year, status) values (2005, 1995, 1);
insert into user_info (admission_year, graduate_year, status) values (2010, 2001, 1);
insert into user_info (admission_year, graduate_year, status) values (1997, 1994, 1);
insert into user_info (admission_year, graduate_year, status) values (2002, 2012, 1);
insert into user_info (admission_year, graduate_year, status) values (1997, 2009, 1);
insert into user_info (admission_year, graduate_year, status) values (2000, 2004, 1);
insert into user_info (admission_year, graduate_year, status) values (2006, 1985, 1);
insert into user_info (admission_year, graduate_year, status) values (1998, 1988, 1);
insert into user_info (admission_year, graduate_year, status) values (2002, 2008, 1);
insert into user_info (admission_year, graduate_year, status) values (2009, 1997, 1);
insert into user_info (admission_year, graduate_year, status) values (1991, 1995, 1);
insert into user_info (admission_year, graduate_year, status) values (2003, 2008, 1);
insert into user_info (admission_year, graduate_year, status) values (2002, 2001, 1);
insert into user_info (admission_year, graduate_year, status) values (2009, 2003, 1);
insert into user_info (admission_year, graduate_year, status) values (1992, 1991, 1);
insert into user_info (admission_year, graduate_year, status) values (2004, 2006, 1);
insert into user_info (admission_year, graduate_year, status) values (2006, 1996, 1);
insert into user_info (admission_year, graduate_year, status) values (1995, 2009, 1);
insert into user_info (admission_year, graduate_year, status) values (2002, 2010, 1);
insert into user_info (admission_year, graduate_year, status) values (2006, 2007, 1);
insert into user_info (admission_year, graduate_year, status) values (2006, 1986, 1);
insert into user_info (admission_year, graduate_year, status) values (2001, 2007, 1);
insert into user_info (admission_year, graduate_year, status) values (1993, 1986, 1);
insert into user_info (admission_year, graduate_year, status) values (2008, 2007, 1);
insert into user_info (admission_year, graduate_year, status) values (1999, 1999, 1);
insert into user_info (admission_year, graduate_year, status) values (2012, 2002, 1);
insert into user_info (admission_year, graduate_year, status) values (2006, 1994, 1);
insert into user_info (admission_year, graduate_year, status) values (2007, 1985, 1);
insert into user_info (admission_year, graduate_year, status) values (2002, 2012, 1);
insert into user_info (admission_year, graduate_year, status) values (1995, 1991, 1);
insert into user_info (admission_year, graduate_year, status) values (2003, 2002, 1);
insert into user_info (admission_year, graduate_year, status) values (1993, 2006, 1);
insert into user_info (admission_year, graduate_year, status) values (1990, 2010, 1);
insert into user_info (admission_year, graduate_year, status) values (1999, 1968, 1);
insert into user_info (admission_year, graduate_year, status) values (1997, 1962, 1);
insert into user_info (admission_year, graduate_year, status) values (2005, 1994, 1);
insert into user_info (admission_year, graduate_year, status) values (1996, 1991, 1);
insert into user_info (admission_year, graduate_year, status) values (1964, 1993, 1);
insert into user_info (admission_year, graduate_year, status) values (2008, 2009, 1);
insert into user_info (admission_year, graduate_year, status) values (2012, 1998, 1);
insert into user_info (admission_year, graduate_year, status) values (2012, 1992, 1);
insert into user_info (admission_year, graduate_year, status) values (2004, 2003, 1);
insert into user_info (admission_year, graduate_year, status) values (2011, 1994, 1);
insert into user_info (admission_year, graduate_year, status) values (2001, 2010, 1);
insert into user_info (admission_year, graduate_year, status) values (2007, 1993, 1);
insert into user_info (admission_year, graduate_year, status) values (2007, 2009, 1);
insert into user_info (admission_year, graduate_year, status) values (2009, 2011, 1);
insert into user_info (admission_year, graduate_year, status) values (1989, 1992, 1);
insert into user_info (admission_year, graduate_year, status) values (1996, 2004, 1);
insert into user_info (admission_year, graduate_year, status) values (2008, 2005, 1);
insert into user_info (admission_year, graduate_year, status) values (2009, 1997, 1);
insert into user_info (admission_year, graduate_year, status) values (2006, 2010, 1);
insert into user_info (admission_year, graduate_year, status) values (2007, 1998, 1);
insert into user_info (admission_year, graduate_year, status) values (1999, 2010, 1);
insert into user_info (admission_year, graduate_year, status) values (2012, 2003, 1);
insert into user_info (admission_year, graduate_year, status) values (1995, 2008, 1);
insert into user_info (admission_year, graduate_year, status) values (2009, 1996, 1);
insert into user_info (admission_year, graduate_year, status) values (1992, 2008, 1);
insert into user_info (admission_year, graduate_year, status) values (1999, 2005, 1);
insert into user_info (admission_year, graduate_year, status) values (2011, 2001, 1);
insert into user_info (admission_year, graduate_year, status) values (2006, 1994, 1);
insert into user_info (admission_year, graduate_year, status) values (1968, 2008, 1);
insert into user_info (admission_year, graduate_year, status) values (2001, 2002, 1);
insert into user_info (admission_year, graduate_year, status) values (2006, 1984, 1);

student

insert into user (username, password, email, full_name, class_id, address, created_date, dob, updated_date, user_info_id, phone) values ('dchiplinu', 'jHRbFXU9N', 'dchiplinu@oaic.gov.au', 'Devland Chiplin', 5, '63154 Mendota Plaza', '2022-03-30 00:00:00', '2002-07-27 15:22:49', '2022-03-30 00:00:00', 31, '8461853284');
insert into user (username, password, email, full_name, class_id, address, created_date, dob, updated_date, user_info_id, phone) values ('zglasonv', 'XVhnWaMq', 'zglasonv@hubpages.com', 'Zachary Glason', 1, '156 Mesta Center', '2022-03-30 00:00:00', '2003-02-28 00:20:09', '2022-03-30 00:00:00', 32, '4016214298');
insert into user (username, password, email, full_name, class_id, address, created_date, dob, updated_date, user_info_id, phone) values ('rgroundwatorw', 'oK3Lp70bUV', 'rgroundwatorw@list-manage.com', 'Rhianna Groundwator', 4, '6 Brown Place', '2022-03-30 00:00:00', '2003-12-13 17:19:17', '2022-03-30 00:00:00', 33, '6536596797');
insert into user (username, password, email, full_name, class_id, address, created_date, dob, updated_date, user_info_id, phone) values ('kbrunetx', 'muu1fOdzR5', 'kbrunetx@pen.io', 'Kym Brunet', 2, '495 Mosinee Pass', '2022-03-30 00:00:00', '2002-06-18 05:00:15', '2022-03-30 00:00:00', 34, '4962567411');
insert into user (username, password, email, full_name, class_id, address, created_date, dob, updated_date, user_info_id, phone) values ('bposseky', 'zjOmFpr4', 'bposseky@unc.edu', 'Branden Possek', 1, '05 American Ash Terrace', '2022-03-30 00:00:00', '2004-01-08 21:07:26', '2022-03-30 00:00:00', 35, '9907278742');
insert into user (username, password, email, full_name, class_id, address, created_date, dob, updated_date, user_info_id, phone) values ('rpoultneyz', 'DEORFsY75', 'rpoultneyz@amazon.co.jp', 'Rab Poultney', 4, '14627 Heath Lane', '2022-03-30 00:00:00', '2002-11-10 17:43:25', '2022-03-30 00:00:00', 36, '6172139186');
insert into user (username, password, email, full_name, class_id, address, created_date, dob, updated_date, user_info_id, phone) values ('rhopkynson10', '8LxHvndWQSk', 'rhopkynson10@hatena.ne.jp', 'Rudie Hopkynson', 5, '4762 Trailsway Place', '2022-03-30 00:00:00', '2003-01-16 08:39:03', '2022-03-30 00:00:00', 37, '6697081755');
insert into user (username, password, email, full_name, class_id, address, created_date, dob, updated_date, user_info_id, phone) values ('olofting11', 'qLuJsIaMWKU7', 'olofting11@comcast.net', 'Oswell Lofting', 1, '38 Holy Cross Place', '2022-03-30 00:00:00', '2002-09-08 17:08:08', '2022-03-30 00:00:00', 38, '3892873188');
insert into user (username, password, email, full_name, class_id, address, created_date, dob, updated_date, user_info_id, phone) values ('rszimon12', '9R58XjaTht8n', 'rszimon12@myspace.com', 'Rheta Szimon', 4, '73 Myrtle Park', '2022-03-30 00:00:00', '2002-09-24 15:00:59', '2022-03-30 00:00:00', 39, '2015305875');
insert into user (username, password, email, full_name, class_id, address, created_date, dob, updated_date, user_info_id, phone) values ('mmeedendorpe13', 'N7qKSYo', 'mmeedendorpe13@netscape.com', 'Miller Meedendorpe', 6, '0 Stone Corner Avenue', '2022-03-30 00:00:00', '2003-06-20 11:40:06', '2022-03-30 00:00:00', 40, '8746394920');
insert into user (username, password, email, full_name, class_id, address, created_date, dob, updated_date, user_info_id, phone) values ('mcollen14', 'MQu7iV5fV7Rt', 'mcollen14@imgur.com', 'Maryjo Collen', 5, '25329 Warrior Trail', '2022-03-30 00:00:00', '2003-12-16 21:49:46', '2022-03-30 00:00:00', 41, '1105502216');
insert into user (username, password, email, full_name, class_id, address, created_date, dob, updated_date, user_info_id, phone) values ('dfragino15', '84blGYQ', 'dfragino15@jugem.jp', 'Doy Fragino', 2, '6 Summit Road', '2022-03-30 00:00:00', '2002-05-01 10:12:29', '2022-03-30 00:00:00', 42, '2696496030');
insert into user (username, password, email, full_name, class_id, address, created_date, dob, updated_date, user_info_id, phone) values ('tsutheran16', 'yqV14aGynQIE', 'tsutheran16@bizjournals.com', 'Taylor Sutheran', 1, '7 Mockingbird Plaza', '2022-03-30 00:00:00', '2002-12-09 21:08:24', '2022-03-30 00:00:00', 43, '8086032416');
insert into user (username, password, email, full_name, class_id, address, created_date, dob, updated_date, user_info_id, phone) values ('rmcchesney17', '9wHHbjklnT', 'rmcchesney17@springer.com', 'Rodger McChesney', 2, '253 Talisman Pass', '2022-03-30 00:00:00', '2003-12-04 21:06:27', '2022-03-30 00:00:00', 44, '5223103501');
insert into user (username, password, email, full_name, class_id, address, created_date, dob, updated_date, user_info_id, phone) values ('ccollingwood18', 'FPRHKc', 'ccollingwood18@wunderground.com', 'Claus Collingwood', 5, '7 Green Street', '2022-03-30 00:00:00', '2004-01-07 17:34:00', '2022-03-30 00:00:00', 45, '6392558283');
insert into user (username, password, email, full_name, class_id, address, created_date, dob, updated_date, user_info_id, phone) values ('nsibbet19', 'ZRyNTnz', 'nsibbet19@twitter.com', 'Nate Sibbet', 3, '668 Fair Oaks Plaza', '2022-03-30 00:00:00', '2003-05-20 14:49:56', '2022-03-30 00:00:00', 46, '4363831294');
insert into user (username, password, email, full_name, class_id, address, created_date, dob, updated_date, user_info_id, phone) values ('semblin1a', 'moYZERE9', 'semblin1a@sciencedaily.com', 'Sibel Emblin', 3, '0 Artisan Trail', '2022-03-30 00:00:00', '2003-03-30 04:34:26', '2022-03-30 00:00:00', 47, '2072968058');
insert into user (username, password, email, full_name, class_id, address, created_date, dob, updated_date, user_info_id, phone) values ('agresswell1b', 'G7smnHNFewx4', 'agresswell1b@latimes.com', 'Abel Gresswell', 1, '737 American Ash Circle', '2022-03-30 00:00:00', '2003-09-15 10:47:35', '2022-03-30 00:00:00', 48, '4675728207');
insert into user (username, password, email, full_name, class_id, address, created_date, dob, updated_date, user_info_id, phone) values ('dmcsperrin1c', 'u0F38QdA1', 'dmcsperrin1c@flickr.com', 'Dacia McSperrin', 5, '3498 Blue Bill Park Center', '2022-03-30 00:00:00', '2003-06-23 09:17:19', '2022-03-30 00:00:00', 49, '3235273210');
insert into user (username, password, email, full_name, class_id, address, created_date, dob, updated_date, user_info_id, phone) values ('acoyett1d', 'n3AKLQtwTr4v', 'acoyett1d@toplist.cz', 'Adler Coyett', 6, '6216 Riverside Avenue', '2022-03-30 00:00:00', '2003-08-24 01:00:56', '2022-03-30 00:00:00', 50, '8508163931');
insert into user (username, password, email, full_name, class_id, address, created_date, dob, updated_date, user_info_id, phone) values ('elorek1e', 'Ky900fYM6', 'elorek1e@weebly.com', 'Esmeralda Lorek', 2, '639 Crest Line Place', '2022-03-30 00:00:00', '2003-08-01 01:29:38', '2022-03-30 00:00:00', 51, '5717821566');
insert into user (username, password, email, full_name, class_id, address, created_date, dob, updated_date, user_info_id, phone) values ('npresnail1f', 'pNYOWRx5cz', 'npresnail1f@skype.com', 'Nonah Presnail', 4, '46 Cottonwood Park', '2022-03-30 00:00:00', '2003-08-22 10:09:09', '2022-03-30 00:00:00', 52, '5692643647');
insert into user (username, password, email, full_name, class_id, address, created_date, dob, updated_date, user_info_id, phone) values ('sbulbeck1g', '6fdysQpqI7X', 'sbulbeck1g@booking.com', 'Smith Bulbeck', 1, '1 Dayton Avenue', '2022-03-30 00:00:00', '2002-10-21 12:22:18', '2022-03-30 00:00:00', 53, '5045832988');
insert into user (username, password, email, full_name, class_id, address, created_date, dob, updated_date, user_info_id, phone) values ('rfabbro1h', '6BZITkuRg', 'rfabbro1h@ca.gov', 'Robbi Fabbro', 2, '06 Vahlen Plaza', '2022-03-30 00:00:00', '2003-02-05 13:43:30', '2022-03-30 00:00:00', 54, '4596590011');
insert into user (username, password, email, full_name, class_id, address, created_date, dob, updated_date, user_info_id, phone) values ('jstoffel1i', 'c5SfJ1', 'jstoffel1i@wsj.com', 'Judah Stoffel', 4, '821 Northport Center', '2022-03-30 00:00:00', '2003-07-28 06:23:34', '2022-03-30 00:00:00', 55, '9508627894');
insert into user (username, password, email, full_name, class_id, address, created_date, dob, updated_date, user_info_id, phone) values ('pboxhall1j', '7P2vQ3', 'pboxhall1j@csmonitor.com', 'Pietra Boxhall', 1, '25404 Luster Pass', '2022-03-30 00:00:00', '2004-03-03 19:30:34', '2022-03-30 00:00:00', 56, '8682247353');
insert into user (username, password, email, full_name, class_id, address, created_date, dob, updated_date, user_info_id, phone) values ('erossbrooke1k', 'aQG76lGS', 'erossbrooke1k@uiuc.edu', 'Eugen Rossbrooke', 1, '5154 Glendale Alley', '2022-03-30 00:00:00', '2002-08-05 21:06:48', '2022-03-30 00:00:00', 57, '4319059526');
insert into user (username, password, email, full_name, class_id, address, created_date, dob, updated_date, user_info_id, phone) values ('kcoldbath1l', 'Uee5oN5Vkq', 'kcoldbath1l@sphinn.com', 'Kyle Coldbath', 2, '7142 Fairview Street', '2022-03-30 00:00:00', '2002-10-13 11:13:12', '2022-03-30 00:00:00', 58, '7077798136');
insert into user (username, password, email, full_name, class_id, address, created_date, dob, updated_date, user_info_id, phone) values ('bdenisyuk1m', 'JaNzRVW', 'bdenisyuk1m@webs.com', 'Blakeley Denisyuk', 3, '4398 Almo Court', '2022-03-30 00:00:00', '2003-08-14 00:06:58', '2022-03-30 00:00:00', 59, '9587613888');
insert into user (username, password, email, full_name, class_id, address, created_date, dob, updated_date, user_info_id, phone) values ('wabberley1n', '1O6RMz0rLZ', 'wabberley1n@squarespace.com', 'Wendel Abberley', 6, '45 Oakridge Circle', '2022-03-30 00:00:00', '2003-09-16 14:17:14', '2022-03-30 00:00:00', 60, '4026042566');
insert into user (username, password, email, full_name, class_id, address, created_date, dob, updated_date, user_info_id, phone) values ('ccottrill1o', 'Qoa0PhQ', 'ccottrill1o@sbwire.com', 'Candace Cottrill', 4, '9 Ramsey Plaza', '2022-03-30 00:00:00', '2002-09-23 07:59:16', '2022-03-30 00:00:00', 61, '8033703920');
insert into user (username, password, email, full_name, class_id, address, created_date, dob, updated_date, user_info_id, phone) values ('gcristofanini1p', 'ThrGWmy0n', 'gcristofanini1p@netscape.com', 'Garik Cristofanini', 4, '7719 Sycamore Trail', '2022-03-30 00:00:00', '2003-08-23 16:16:07', '2022-03-30 00:00:00', 62, '6273293641');
insert into user (username, password, email, full_name, class_id, address, created_date, dob, updated_date, user_info_id, phone) values ('mkiffe1q', 'ICVqUjD', 'mkiffe1q@oaic.gov.au', 'Maiga Kiffe', 6, '04127 Browning Road', '2022-03-30 00:00:00', '2004-01-24 08:54:02', '2022-03-30 00:00:00', 63, '2993039819');
insert into user (username, password, email, full_name, class_id, address, created_date, dob, updated_date, user_info_id, phone) values ('ashorton1r', 'kiQsvP7', 'ashorton1r@nydailynews.com', 'Arnie Shorton', 6, '364 Scott Way', '2022-03-30 00:00:00', '2002-11-21 13:56:49', '2022-03-30 00:00:00', 64, '5887863304');
insert into user (username, password, email, full_name, class_id, address, created_date, dob, updated_date, user_info_id, phone) values ('bhardern1s', 'AZ6H2PLF1', 'bhardern1s@w3.org', 'Benedict Hardern', 5, '1102 Blue Bill Park Pass', '2022-03-30 00:00:00', '2003-08-18 03:01:02', '2022-03-30 00:00:00', 65, '5857338130');
insert into user (username, password, email, full_name, class_id, address, created_date, dob, updated_date, user_info_id, phone) values ('emonteath1t', '1TQ0wbkaK', 'emonteath1t@time.com', 'Easter Monteath', 1, '087 Butterfield Alley', '2022-03-30 00:00:00', '2003-10-12 17:42:50', '2022-03-30 00:00:00', 66, '8307117328');
insert into user (username, password, email, full_name, class_id, address, created_date, dob, updated_date, user_info_id, phone) values ('gsutherby1u', 'Ro1O3EAsGs4', 'gsutherby1u@xinhuanet.com', 'Grayce Sutherby', 3, '88485 Old Gate Center', '2022-03-30 00:00:00', '2002-06-14 02:20:21', '2022-03-30 00:00:00', 67, '3415897798');
insert into user (username, password, email, full_name, class_id, address, created_date, dob, updated_date, user_info_id, phone) values ('ztrayford1v', 'YMuLdCOwScRk', 'ztrayford1v@netlog.com', 'Zaneta Trayford', 2, '12177 Fisk Way', '2022-03-30 00:00:00', '2002-09-27 04:58:12', '2022-03-30 00:00:00', 68, '1738160145');
insert into user (username, password, email, full_name, class_id, address, created_date, dob, updated_date, user_info_id, phone) values ('rsimionato1w', 'QOou68jN8LN5', 'rsimionato1w@google.cn', 'Ravid Simionato', 4, '7620 Sutteridge Point', '2022-03-30 00:00:00', '2002-06-11 23:33:28', '2022-03-30 00:00:00', 69, '8614950688');
insert into user (username, password, email, full_name, class_id, address, created_date, dob, updated_date, user_info_id, phone) values ('arabbitts1x', 'HBw01dhNl', 'arabbitts1x@blinklist.com', 'Aurelea Rabbitts', 6, '125 Vermont Junction', '2022-03-30 00:00:00', '2003-04-08 14:34:24', '2022-03-30 00:00:00', 70, '1112738145');
insert into user (username, password, email, full_name, class_id, address, created_date, dob, updated_date, user_info_id, phone) values ('tashburner1y', 'pWxDz4s', 'tashburner1y@networksolutions.com', 'Tades Ashburner', 6, '02 Service Junction', '2022-03-30 00:00:00', '2002-07-22 18:13:54', '2022-03-30 00:00:00', 71, '8419104717');
insert into user (username, password, email, full_name, class_id, address, created_date, dob, updated_date, user_info_id, phone) values ('akermit1z', '39txun35ul', 'akermit1z@imgur.com', 'Adolphus Kermit', 5, '8737 Carey Pass', '2022-03-30 00:00:00', '2003-02-23 04:36:11', '2022-03-30 00:00:00', 72, '1175737310');
insert into user (username, password, email, full_name, class_id, address, created_date, dob, updated_date, user_info_id, phone) values ('kzucker20', '2pFT56', 'kzucker20@squidoo.com', 'Karim Zucker', 1, '5708 Almo Junction', '2022-03-30 00:00:00', '2002-12-06 15:39:11', '2022-03-30 00:00:00', 73, '4026497621');
insert into user (username, password, email, full_name, class_id, address, created_date, dob, updated_date, user_info_id, phone) values ('pplowright21', '8NsAIO', 'pplowright21@mit.edu', 'Phil Plowright', 6, '219 Myrtle Park', '2022-03-30 00:00:00', '2003-01-21 01:05:03', '2022-03-30 00:00:00', 74, '1923439139');
insert into user (username, password, email, full_name, class_id, address, created_date, dob, updated_date, user_info_id, phone) values ('igullam22', 'wZxvHFQYZ', 'igullam22@sohu.com', 'Ingrim Gullam', 2, '95 Cody Drive', '2022-03-30 00:00:00', '2002-07-09 05:35:12', '2022-03-30 00:00:00', 75, '6365919693');
insert into user (username, password, email, full_name, class_id, address, created_date, dob, updated_date, user_info_id, phone) values ('tgarthshore23', '3NfOTHDUmJHW', 'tgarthshore23@ezinearticles.com', 'Trevor Garthshore', 5, '653 Merrick Street', '2022-03-30 00:00:00', '2003-04-07 01:54:46', '2022-03-30 00:00:00', 76, '7738099339');
insert into user (username, password, email, full_name, class_id, address, created_date, dob, updated_date, user_info_id, phone) values ('yupcraft24', 'CNSGaDv8EVz', 'yupcraft24@usa.gov', 'Yancy Upcraft', 4, '174 Mcguire Hill', '2022-03-30 00:00:00', '2002-06-05 05:02:17', '2022-03-30 00:00:00', 77, '3443944183');
insert into user (username, password, email, full_name, class_id, address, created_date, dob, updated_date, user_info_id, phone) values ('mdutteridge25', '80UwImZ2t', 'mdutteridge25@goo.gl', 'Martin Dutteridge', 1, '5946 Crowley Pass', '2022-03-30 00:00:00', '2004-02-27 18:23:46', '2022-03-30 00:00:00', 78, '9465393357');
insert into user (username, password, email, full_name, class_id, address, created_date, dob, updated_date, user_info_id, phone) values ('skorous26', 'Ro7bjLMY', 'skorous26@people.com.cn', 'Shelton Korous', 6, '9337 Carberry Crossing', '2022-03-30 00:00:00', '2002-10-26 07:20:47', '2022-03-30 00:00:00', 79, '2434624853');
insert into user (username, password, email, full_name, class_id, address, created_date, dob, updated_date, user_info_id, phone) values ('aivashintsov27', '29aF2rE', 'aivashintsov27@360.cn', 'Alessandro Ivashintsov', 5, '206 Toban Avenue', '2022-03-30 00:00:00', '2002-08-19 06:37:06', '2022-03-30 00:00:00', 80, '3556207705');
insert into user (username, password, email, full_name, class_id, address, created_date, dob, updated_date, user_info_id, phone) values ('cantalffy28', 'YwjdmNH', 'cantalffy28@reverbnation.com', 'Craig Antalffy', 2, '5 Hoepker Hill', '2022-03-30 00:00:00', '2003-02-20 14:31:39', '2022-03-30 00:00:00', 81, '9351098327');
insert into user (username, password, email, full_name, class_id, address, created_date, dob, updated_date, user_info_id, phone) values ('dridout29', 'oJfrvoNXIefO', 'dridout29@soup.io', 'Deloris Ridout', 5, '9 Lake View Parkway', '2022-03-30 00:00:00', '2002-05-25 21:51:54', '2022-03-30 00:00:00', 82, '3939016318');
insert into user (username, password, email, full_name, class_id, address, created_date, dob, updated_date, user_info_id, phone) values ('hlucia2a', 'hweOXW7Y', 'hlucia2a@last.fm', 'Harmonie Lucia', 1, '336 Jenifer Lane', '2022-03-30 00:00:00', '2002-10-12 05:40:44', '2022-03-30 00:00:00', 83, '4312009284');
insert into user (username, password, email, full_name, class_id, address, created_date, dob, updated_date, user_info_id, phone) values ('kchrister2b', '6PvJucBPcb', 'kchrister2b@washingtonpost.com', 'Kathryne Christer', 3, '52655 Main Lane', '2022-03-30 00:00:00', '2003-11-14 09:53:51', '2022-03-30 00:00:00', 84, '3789003592');
insert into user (username, password, email, full_name, class_id, address, created_date, dob, updated_date, user_info_id, phone) values ('rkopfen2c', 'UDgg3hV1', 'rkopfen2c@ocn.ne.jp', 'Rollo Kopfen', 3, '36 Mayfield Lane', '2022-03-30 00:00:00', '2002-12-24 02:37:38', '2022-03-30 00:00:00', 85, '8607246689');
insert into user (username, password, email, full_name, class_id, address, created_date, dob, updated_date, user_info_id, phone) values ('jcantua2d', 'E454lIT52p', 'jcantua2d@ehow.com', 'Joye Cantua', 5, '492 Grasskamp Street', '2022-03-30 00:00:00', '2004-02-24 21:38:48', '2022-03-30 00:00:00', 86, '7223961192');
insert into user (username, password, email, full_name, class_id, address, created_date, dob, updated_date, user_info_id, phone) values ('bsimonin2e', 'hrUCWT', 'bsimonin2e@wired.com', 'Byran Simonin', 4, '5714 Old Shore Place', '2022-03-30 00:00:00', '2002-09-22 15:40:00', '2022-03-30 00:00:00', 87, '5666716885');
insert into user (username, password, email, full_name, class_id, address, created_date, dob, updated_date, user_info_id, phone) values ('eberg2f', 'pIeiTO5E9', 'eberg2f@cnn.com', 'Egor Berg', 5, '6902 Algoma Place', '2022-03-30 00:00:00', '2003-07-28 14:18:08', '2022-03-30 00:00:00', 88, '9468498766');
insert into user (username, password, email, full_name, class_id, address, created_date, dob, updated_date, user_info_id, phone) values ('fmckew2g', '8GEwnv', 'fmckew2g@weibo.com', 'Filippo McKew', 2, '66 Roth Drive', '2022-03-30 00:00:00', '2003-01-05 09:22:30', '2022-03-30 00:00:00', 89, '6069970225');
insert into user (username, password, email, full_name, class_id, address, created_date, dob, updated_date, user_info_id, phone) values ('rjurn2h', 'jzjA02iF', 'rjurn2h@state.tx.us', 'Rosana Jurn', 6, '45 Farragut Terrace', '2022-03-30 00:00:00', '2002-09-12 14:28:35', '2022-03-30 00:00:00', 90, '2781210072');
insert into user (username, password, email, full_name, class_id, address, created_date, dob, updated_date, user_info_id, phone) values ('chabbert2i', 'fXJ4A4u6B', 'chabbert2i@narod.ru', 'Charleen Habbert', 6, '557 5th Street', '2022-03-30 00:00:00', '2003-10-16 08:20:52', '2022-03-30 00:00:00', 91, '6275790254');
insert into user (username, password, email, full_name, class_id, address, created_date, dob, updated_date, user_info_id, phone) values ('mcoultard2j', 'sixJEUj', 'mcoultard2j@blogspot.com', 'Michelina Coultard', 1, '80 Lighthouse Bay Lane', '2022-03-30 00:00:00', '2003-10-14 06:23:01', '2022-03-30 00:00:00', 92, '5502820919');
insert into user (username, password, email, full_name, class_id, address, created_date, dob, updated_date, user_info_id, phone) values ('esmethurst2k', 't436Tafc', 'esmethurst2k@360.cn', 'Elfrida Smethurst', 4, '2384 Erie Terrace', '2022-03-30 00:00:00', '2003-11-01 20:37:50', '2022-03-30 00:00:00', 93, '4442653668');
insert into user (username, password, email, full_name, class_id, address, created_date, dob, updated_date, user_info_id, phone) values ('kcleverly2l', 'mcH5NxSPQe0', 'kcleverly2l@ted.com', 'Kattie Cleverly', 4, '5 Warrior Drive', '2022-03-30 00:00:00', '2004-02-21 06:11:40', '2022-03-30 00:00:00', 94, '8327289717');
insert into user (username, password, email, full_name, class_id, address, created_date, dob, updated_date, user_info_id, phone) values ('rjeacop2m', 'vjm9cpJ', 'rjeacop2m@last.fm', 'Royall Jeacop', 3, '48 Fallview Street', '2022-03-30 00:00:00', '2002-10-30 17:53:07', '2022-03-30 00:00:00', 95, '5646448436');
insert into user (username, password, email, full_name, class_id, address, created_date, dob, updated_date, user_info_id, phone) values ('kbeale2n', 'VHVfRX', 'kbeale2n@guardian.co.uk', 'Karyl Beale', 1, '5 Fair Oaks Alley', '2022-03-30 00:00:00', '2003-01-12 20:38:54', '2022-03-30 00:00:00', 96, '3116662275');
insert into user (username, password, email, full_name, class_id, address, created_date, dob, updated_date, user_info_id, phone) values ('awhitman2o', '09rTz32', 'awhitman2o@geocities.com', 'Ange Whitman', 6, '91 Lake View Circle', '2022-03-30 00:00:00', '2003-11-10 03:36:22', '2022-03-30 00:00:00', 97, '2452938906');
insert into user (username, password, email, full_name, class_id, address, created_date, dob, updated_date, user_info_id, phone) values ('odearn2p', '7eFVe12', 'odearn2p@wunderground.com', 'Oliver Dearn', 5, '24026 Loftsgordon Place', '2022-03-30 00:00:00', '2003-12-11 17:34:23', '2022-03-30 00:00:00', 98, '2005480365');
insert into user (username, password, email, full_name, class_id, address, created_date, dob, updated_date, user_info_id, phone) values ('selliot2q', 'WEEC7cMr', 'selliot2q@so-net.ne.jp', 'Suzette Elliot', 2, '9064 Namekagon Circle', '2022-03-30 00:00:00', '2004-01-16 20:12:09', '2022-03-30 00:00:00', 99, '3969290790');
insert into user (username, password, email, full_name, class_id, address, created_date, dob, updated_date, user_info_id, phone) values ('kbelcham2r', 'ks68o6Fej9Jy', 'kbelcham2r@bbc.co.uk', 'Karina Belcham', 1, '96074 Butternut Lane', '2022-03-30 00:00:00', '2002-07-09 09:55:30', '2022-03-30 00:00:00', 100, '5959441441');
insert into user (username, password, email, full_name, class_id, address, created_date, dob, updated_date, user_info_id, phone) values ('ccatlin2s', 'fYUjejK', 'ccatlin2s@huffingtonpost.com', 'Corbin Catlin', 3, '417 Dunning Avenue', '2022-03-30 00:00:00', '2002-12-31 12:10:55', '2022-03-30 00:00:00', 101, '1287127348');
insert into user (username, password, email, full_name, class_id, address, created_date, dob, updated_date, user_info_id, phone) values ('acotgrove2t', 'S9tmcyv', 'acotgrove2t@zimbio.com', 'Alfonse Cotgrove', 2, '37 Morrow Drive', '2022-03-30 00:00:00', '2004-02-20 22:27:19', '2022-03-30 00:00:00', 102, '8106145375');
insert into user (username, password, email, full_name, class_id, address, created_date, dob, updated_date, user_info_id, phone) values ('fmallinar2u', 'LSzbzTTgy4My', 'fmallinar2u@uol.com.br', 'Fran Mallinar', 6, '9 Crowley Park', '2022-03-30 00:00:00', '2003-10-29 00:09:17', '2022-03-30 00:00:00', 103, '8331855595');
insert into user (username, password, email, full_name, class_id, address, created_date, dob, updated_date, user_info_id, phone) values ('svonderdell2v', 'hDWGDlIyEya5', 'svonderdell2v@pcworld.com', 'Suzanne Vonderdell', 5, '28875 Hovde Junction', '2022-03-30 00:00:00', '2002-07-04 21:22:01', '2022-03-30 00:00:00', 104, '2636374781');
insert into user (username, password, email, full_name, class_id, address, created_date, dob, updated_date, user_info_id, phone) values ('lfarrell2w', 'GBkV77tZ9Cq', 'lfarrell2w@merriam-webster.com', 'Land Farrell', 2, '754 Stephen Parkway', '2022-03-30 00:00:00', '2002-09-02 12:44:21', '2022-03-30 00:00:00', 105, '2604994024');
insert into user (username, password, email, full_name, class_id, address, created_date, dob, updated_date, user_info_id, phone) values ('akarolowski2x', '9Aihx1cjz', 'akarolowski2x@economist.com', 'Alistair Karolowski', 6, '8085 Oneill Junction', '2022-03-30 00:00:00', '2003-02-07 08:25:08', '2022-03-30 00:00:00', 106, '7076075647');
insert into user (username, password, email, full_name, class_id, address, created_date, dob, updated_date, user_info_id, phone) values ('mgoucher2y', 'GHOZ0bgADhIQ', 'mgoucher2y@sakura.ne.jp', 'Melody Goucher', 4, '3 Sloan Street', '2022-03-30 00:00:00', '2004-03-18 03:36:44', '2022-03-30 00:00:00', 107, '6536952331');
insert into user (username, password, email, full_name, class_id, address, created_date, dob, updated_date, user_info_id, phone) values ('dderill2z', 'BAljbF3w9', 'dderill2z@slideshare.net', 'Deanna Derill', 6, '7360 Fairfield Point', '2022-03-30 00:00:00', '2003-03-09 17:26:08', '2022-03-30 00:00:00', 108, '4991101135');
insert into user (username, password, email, full_name, class_id, address, created_date, dob, updated_date, user_info_id, phone) values ('cbiggs30', '9tcDxffuQI3n', 'cbiggs30@oakley.com', 'Christy Biggs', 5, '68862 Village Junction', '2022-03-30 00:00:00', '2003-11-09 19:29:40', '2022-03-30 00:00:00', 109, '1667843322');
insert into user (username, password, email, full_name, class_id, address, created_date, dob, updated_date, user_info_id, phone) values ('eramel31', 'VNzlaYre', 'eramel31@photobucket.com', 'Ezequiel Ramel', 1, '4298 South Park', '2022-03-30 00:00:00', '2003-01-07 21:20:20', '2022-03-30 00:00:00', 110, '5128469748');
insert into user (username, password, email, full_name, class_id, address, created_date, dob, updated_date, user_info_id, phone) values ('ayes32', 'D4WYv2', 'ayes32@hostgator.com', 'Arney Yes', 1, '90 Dovetail Park', '2022-03-30 00:00:00', '2003-11-23 03:44:42', '2022-03-30 00:00:00', 111, '1583336927');
insert into user (username, password, email, full_name, class_id, address, created_date, dob, updated_date, user_info_id, phone) values ('dhorney33', 'IWceidN3u3', 'dhorney33@histats.com', 'Dorris Horney', 5, '4703 Troy Avenue', '2022-03-30 00:00:00', '2003-10-17 21:45:08', '2022-03-30 00:00:00', 112, '9623727118');
insert into user (username, password, email, full_name, class_id, address, created_date, dob, updated_date, user_info_id, phone) values ('smanton34', 'ynnaaBYbXy6', 'smanton34@yellowbook.com', 'Simonne Manton', 6, '5 Bowman Pass', '2022-03-30 00:00:00', '2003-05-10 01:16:50', '2022-03-30 00:00:00', 113, '8922221606');
insert into user (username, password, email, full_name, class_id, address, created_date, dob, updated_date, user_info_id, phone) values ('estealey35', '7TQVoC9w', 'estealey35@issuu.com', 'Elsworth Stealey', 5, '24435 John Wall Hill', '2022-03-30 00:00:00', '2002-04-24 23:28:24', '2022-03-30 00:00:00', 114, '4545263220');
insert into user (username, password, email, full_name, class_id, address, created_date, dob, updated_date, user_info_id, phone) values ('cmaccoughan36', 'A0FgWaPGpA', 'cmaccoughan36@google.com.hk', 'Celestina MacCoughan', 1, '6334 Butterfield Way', '2022-03-30 00:00:00', '2002-03-30 20:27:20', '2022-03-30 00:00:00', 115, '3383153655');
insert into user (username, password, email, full_name, class_id, address, created_date, dob, updated_date, user_info_id, phone) values ('zbenedict37', 'egyh7R', 'zbenedict37@jiathis.com', 'Zelda Benedict', 4, '68844 Sullivan Hill', '2022-03-30 00:00:00', '2004-01-29 15:11:35', '2022-03-30 00:00:00', 116, '8186871155');
insert into user (username, password, email, full_name, class_id, address, created_date, dob, updated_date, user_info_id, phone) values ('gstartin38', 'CO9Wz34dgtwl', 'gstartin38@arstechnica.com', 'Grissel Startin', 6, '0 Spaight Road', '2022-03-30 00:00:00', '2004-02-11 03:49:01', '2022-03-30 00:00:00', 117, '1369981222');
insert into user (username, password, email, full_name, class_id, address, created_date, dob, updated_date, user_info_id, phone) values ('rclerk39', 'MCCe95', 'rclerk39@delicious.com', 'Rosmunda Clerk', 4, '587 Leroy Trail', '2022-03-30 00:00:00', '2003-11-23 09:02:38', '2022-03-30 00:00:00', 118, '4798218108');
insert into user (username, password, email, full_name, class_id, address, created_date, dob, updated_date, user_info_id, phone) values ('shalfhyde3a', 'J5WgLl', 'shalfhyde3a@newyorker.com', 'Silvan Halfhyde', 6, '11948 Bartillon Plaza', '2022-03-30 00:00:00', '2002-09-24 18:16:36', '2022-03-30 00:00:00', 119, '4472306805');
insert into user (username, password, email, full_name, class_id, address, created_date, dob, updated_date, user_info_id, phone) values ('rfarney3b', 'TPq6LYyZXw', 'rfarney3b@marketwatch.com', 'Rene Farney', 4, '0 Delaware Place', '2022-03-30 00:00:00', '2004-01-03 14:35:48', '2022-03-30 00:00:00', 120, '2594209324');
insert into user (username, password, email, full_name, class_id, address, created_date, dob, updated_date, user_info_id, phone) values ('calstead3c', 'LbYoY8d', 'calstead3c@mapquest.com', 'Cobbie Alstead', 4, '72 Del Sol Junction', '2022-03-30 00:00:00', '2003-03-21 07:34:42', '2022-03-30 00:00:00', 121, '4785057212');
insert into user (username, password, email, full_name, class_id, address, created_date, dob, updated_date, user_info_id, phone) values ('ashergold3d', 'iWjTOYcxDOh', 'ashergold3d@prlog.org', 'Aarika Shergold', 4, '3995 Schurz Center', '2022-03-30 00:00:00', '2003-02-10 14:34:32', '2022-03-30 00:00:00', 122, '9226913421');
insert into user (username, password, email, full_name, class_id, address, created_date, dob, updated_date, user_info_id, phone) values ('csheahan3e', 'mMX5ir0FmF6', 'csheahan3e@blogtalkradio.com', 'Charla Sheahan', 3, '8641 Meadow Ridge Alley', '2022-03-30 00:00:00', '2004-01-25 06:01:48', '2022-03-30 00:00:00', 123, '7678539914');
insert into user (username, password, email, full_name, class_id, address, created_date, dob, updated_date, user_info_id, phone) values ('cbreazeall3f', 'BeD9VcNh6d', 'cbreazeall3f@toplist.cz', 'Chrysa Breazeall', 3, '4610 Cardinal Crossing', '2022-03-30 00:00:00', '2002-10-15 02:21:06', '2022-03-30 00:00:00', 124, '1569371490');
insert into user (username, password, email, full_name, class_id, address, created_date, dob, updated_date, user_info_id, phone) values ('rvenmore3g', 'kE229R', 'rvenmore3g@state.tx.us', 'Rafa Venmore', 6, '77391 Judy Junction', '2022-03-30 00:00:00', '2003-04-10 11:47:06', '2022-03-30 00:00:00', 125, '6668124816');
insert into user (username, password, email, full_name, class_id, address, created_date, dob, updated_date, user_info_id, phone) values ('kcordeix3h', 'hmemp7', 'kcordeix3h@intel.com', 'Kassie Cordeix', 6, '213 Oakridge Center', '2022-03-30 00:00:00', '2002-11-04 05:33:25', '2022-03-30 00:00:00', 126, '6673673375');
insert into user (username, password, email, full_name, class_id, address, created_date, dob, updated_date, user_info_id, phone) values ('tmotte3i', '6fkJzMozQDt4', 'tmotte3i@addtoany.com', 'Teriann Motte', 4, '1707 Blaine Center', '2022-03-30 00:00:00', '2003-02-14 10:20:58', '2022-03-30 00:00:00', 127, '6944322151');
insert into user (username, password, email, full_name, class_id, address, created_date, dob, updated_date, user_info_id, phone) values ('lteresse3j', 'xUGDp7pmk', 'lteresse3j@comsenz.com', 'Letizia Teresse', 2, '89378 Texas Plaza', '2022-03-30 00:00:00', '2003-09-21 21:22:41', '2022-03-30 00:00:00', 128, '9033815394');
insert into user (username, password, email, full_name, class_id, address, created_date, dob, updated_date, user_info_id, phone) values ('trosenhaupt3k', 'aSGxh8wijn', 'trosenhaupt3k@ning.com', 'Tobias Rosenhaupt', 6, '957 Elka Avenue', '2022-03-30 00:00:00', '2003-11-08 01:12:51', '2022-03-30 00:00:00', 129, '7881254689');
insert into user (username, password, email, full_name, class_id, address, created_date, dob, updated_date, user_info_id, phone) values ('nlocket3l', 'VxWg5wM6kOTb', 'nlocket3l@yellowpages.com', 'Nikki Locket', 4, '59666 Rockefeller Drive', '2022-03-30 00:00:00', '2003-01-10 04:38:36', '2022-03-30 00:00:00', 130, '3504702700');

user role teacher

insert into user_role (user_id, role_id) values (1, 2);
insert into user_role (user_id, role_id) values (2, 2);
insert into user_role (user_id, role_id) values (3, 2);
insert into user_role (user_id, role_id) values (4, 2);
insert into user_role (user_id, role_id) values (5, 2);
insert into user_role (user_id, role_id) values (6, 2);
insert into user_role (user_id, role_id) values (7, 2);
insert into user_role (user_id, role_id) values (8, 2);
insert into user_role (user_id, role_id) values (9, 2);
insert into user_role (user_id, role_id) values (10, 2);
insert into user_role (user_id, role_id) values (11, 2);
insert into user_role (user_id, role_id) values (12, 2);
insert into user_role (user_id, role_id) values (13, 2);
insert into user_role (user_id, role_id) values (14, 2);
insert into user_role (user_id, role_id) values (15, 2);
insert into user_role (user_id, role_id) values (16, 2);
insert into user_role (user_id, role_id) values (17, 2);
insert into user_role (user_id, role_id) values (18, 2);
insert into user_role (user_id, role_id) values (19, 2);
insert into user_role (user_id, role_id) values (20, 2);
insert into user_role (user_id, role_id) values (21, 2);
insert into user_role (user_id, role_id) values (22, 2);
insert into user_role (user_id, role_id) values (23, 2);
insert into user_role (user_id, role_id) values (24, 2);
insert into user_role (user_id, role_id) values (25, 2);
insert into user_role (user_id, role_id) values (26, 2);
insert into user_role (user_id, role_id) values (27, 2);
insert into user_role (user_id, role_id) values (28, 2);
insert into user_role (user_id, role_id) values (29, 2);
insert into user_role (user_id, role_id) values (30, 2);
insert into user_role (user_id, role_id) values (31, 2);
insert into user_role (user_id, role_id) values (32, 2);
insert into user_role (user_id, role_id) values (33, 2);
insert into user_role (user_id, role_id) values (34, 2);
insert into user_role (user_id, role_id) values (35, 2);
insert into user_role (user_id, role_id) values (36, 2);
insert into user_role (user_id, role_id) values (37, 2);
insert into user_role (user_id, role_id) values (38, 2);
insert into user_role (user_id, role_id) values (39, 2);
insert into user_role (user_id, role_id) values (40, 2);
insert into user_role (user_id, role_id) values (41, 2);
insert into user_role (user_id, role_id) values (42, 2);
insert into user_role (user_id, role_id) values (43, 2);
insert into user_role (user_id, role_id) values (44, 2);
insert into user_role (user_id, role_id) values (45, 2);
insert into user_role (user_id, role_id) values (46, 2);
insert into user_role (user_id, role_id) values (47, 2);
insert into user_role (user_id, role_id) values (48, 2);
insert into user_role (user_id, role_id) values (49, 2);
insert into user_role (user_id, role_id) values (50, 2);

user role student

insert into user_role (user_id, role_id) values (31, 4);
insert into user_role (user_id, role_id) values (32, 4);
insert into user_role (user_id, role_id) values (33, 4);
insert into user_role (user_id, role_id) values (34, 4);
insert into user_role (user_id, role_id) values (35, 4);
insert into user_role (user_id, role_id) values (36, 4);
insert into user_role (user_id, role_id) values (37, 4);
insert into user_role (user_id, role_id) values (38, 4);
insert into user_role (user_id, role_id) values (39, 4);
insert into user_role (user_id, role_id) values (40, 4);
insert into user_role (user_id, role_id) values (41, 4);
insert into user_role (user_id, role_id) values (42, 4);
insert into user_role (user_id, role_id) values (43, 4);
insert into user_role (user_id, role_id) values (44, 4);
insert into user_role (user_id, role_id) values (45, 4);
insert into user_role (user_id, role_id) values (46, 4);
insert into user_role (user_id, role_id) values (47, 4);
insert into user_role (user_id, role_id) values (48, 4);
insert into user_role (user_id, role_id) values (49, 4);
INSERT into user_role (user_id, role_id) values (50, 4);
insert into user_role (user_id, role_id) values (51, 4);
insert into user_role (user_id, role_id) values (52, 4);
insert into user_role (user_id, role_id) values (53, 4);
insert into user_role (user_id, role_id) values (54, 4);
insert into user_role (user_id, role_id) values (55, 4);
insert into user_role (user_id, role_id) values (56, 4);
insert into user_role (user_id, role_id) values (57, 4);
insert into user_role (user_id, role_id) values (58, 4);
insert into user_role (user_id, role_id) values (59, 4);
insert into user_role (user_id, role_id) values (60, 4);
insert into user_role (user_id, role_id) values (61, 4);
insert into user_role (user_id, role_id) values (62, 4);
insert into user_role (user_id, role_id) values (63, 4);
insert into user_role (user_id, role_id) values (64, 4);
insert into user_role (user_id, role_id) values (65, 4);
insert into user_role (user_id, role_id) values (66, 4);
insert into user_role (user_id, role_id) values (67, 4);
insert into user_role (user_id, role_id) values (68, 4);
insert into user_role (user_id, role_id) values (69, 4);
insert into user_role (user_id, role_id) values (70, 4);
insert into user_role (user_id, role_id) values (71, 4);
insert into user_role (user_id, role_id) values (72, 4);
insert into user_role (user_id, role_id) values (73, 4);
insert into user_role (user_id, role_id) values (74, 4);
insert into user_role (user_id, role_id) values (75, 4);
insert into user_role (user_id, role_id) values (76, 4);
insert into user_role (user_id, role_id) values (77, 4);
insert into user_role (user_id, role_id) values (78, 4);
insert into user_role (user_id, role_id) values (79, 4);
insert into user_role (user_id, role_id) values (80, 4);
insert into user_role (user_id, role_id) values (81, 4);
insert into user_role (user_id, role_id) values (82, 4);
insert into user_role (user_id, role_id) values (83, 4);
insert into user_role (user_id, role_id) values (84, 4);
insert into user_role (user_id, role_id) values (85, 4);
insert into user_role (user_id, role_id) values (86, 4);
insert into user_role (user_id, role_id) values (87, 4);
insert into user_role (user_id, role_id) values (88, 4);
insert into user_role (user_id, role_id) values (89, 4);
insert into user_role (user_id, role_id) values (90, 4);
insert into user_role (user_id, role_id) values (91, 4);
insert into user_role (user_id, role_id) values (92, 4);
insert into user_role (user_id, role_id) values (93, 4);
insert into user_role (user_id, role_id) values (94, 4);
insert into user_role (user_id, role_id) values (95, 4);
insert into user_role (user_id, role_id) values (96, 4);
insert into user_role (user_id, role_id) values (97, 4);
insert into user_role (user_id, role_id) values (98, 4);
insert into user_role (user_id, role_id) values (99, 4);
insert into user_role (user_id, role_id) values (100, 4);
insert into user_role (user_id, role_id) values (101, 4);
insert into user_role (user_id, role_id) values (102, 4);
insert into user_role (user_id, role_id) values (103, 4);
insert into user_role (user_id, role_id) values (104, 4);
insert into user_role (user_id, role_id) values (105, 4);
insert into user_role (user_id, role_id) values (106, 4);
insert into user_role (user_id, role_id) values (107, 4);
insert into user_role (user_id, role_id) values (108, 4);
insert into user_role (user_id, role_id) values (109, 4);
insert into user_role (user_id, role_id) values (110, 4);
insert into user_role (user_id, role_id) values (111, 4);
insert into user_role (user_id, role_id) values (112, 4);
insert into user_role (user_id, role_id) values (113, 4);
insert into user_role (user_id, role_id) values (114, 4);
insert into user_role (user_id, role_id) values (115, 4);
insert into user_role (user_id, role_id) values (116, 4);
insert into user_role (user_id, role_id) values (117, 4);
insert into user_role (user_id, role_id) values (118, 4);
insert into user_role (user_id, role_id) values (119, 4);
insert into user_role (user_id, role_id) values (120, 4);
insert into user_role (user_id, role_id) values (121, 4);
insert into user_role (user_id, role_id) values (122, 4);
insert into user_role (user_id, role_id) values (123, 4);
insert into user_role (user_id, role_id) values (124, 4);
insert into user_role (user_id, role_id) values (125, 4);
insert into user_role (user_id, role_id) values (126, 4);
insert into user_role (user_id, role_id) values (127, 4);
insert into user_role (user_id, role_id) values (128, 4);
insert into user_role (user_id, role_id) values (129, 4);
insert into user_role (user_id, role_id) values (130, 4);


INSERT INTO `subjects` (`id`, `subject_name`) VALUES
	(1, 'Maths'),
	(2, 'Literature'),
	(3, 'English'),
	(4, 'History'),
	(5, 'Physics'),
	(6, 'Chemistry'),
	(7, 'Civic Education'),
	(8, 'Biology'),
	(9, 'Physical Education');
	
INSERT INTO `class` (`id`, `class_name`, `created_date`, `grade`, `school_year`, `updated_date`, `user_id`) VALUES
	(1, '10A1', '2022-03-10 00:00:00.000000', 10, 1990, '2022-03-10 00:00:00.000000', 1),
	(2, '10A2', '2022-03-10 00:00:00.000000', 10, 1997, '2022-03-11 16:58:17.000000', 2),
	(3, '11A1', '2022-03-10 00:00:00.000000', 11, 2001, '2022-03-10 00:00:00.000000', 3),
	(4, '11A2', '2022-03-10 00:00:00.000000', 11, 1991, '2022-03-10 00:00:00.000000', 4),
	(5, '12A1', '2022-03-10 00:00:00.000000', 12, 2016, '2022-03-10 14:40:22.000000', 5),
	(6, '12A2', '2022-03-10 00:00:00.000000', 12, 2009, '2022-03-10 14:39:42.000000', 6);
	
teacher subjects

insert into teacher_subjects (user_id, subject_id) values (1, 6);
insert into teacher_subjects (user_id, subject_id) values (2, 9);
insert into teacher_subjects (user_id, subject_id) values (3, 3);
insert into teacher_subjects (user_id, subject_id) values (4, 5);
insert into teacher_subjects (user_id, subject_id) values (5, 9);
insert into teacher_subjects (user_id, subject_id) values (6, 7);
insert into teacher_subjects (user_id, subject_id) values (7, 5);
insert into teacher_subjects (user_id, subject_id) values (8, 3);
insert into teacher_subjects (user_id, subject_id) values (9, 8);
insert into teacher_subjects (user_id, subject_id) values (10, 7);
insert into teacher_subjects (user_id, subject_id) values (11, 3);
insert into teacher_subjects (user_id, subject_id) values (12, 2);
insert into teacher_subjects (user_id, subject_id) values (13, 2);
insert into teacher_subjects (user_id, subject_id) values (14, 9);
insert into teacher_subjects (user_id, subject_id) values (15, 4);
insert into teacher_subjects (user_id, subject_id) values (16, 1);
insert into teacher_subjects (user_id, subject_id) values (17, 3);
insert into teacher_subjects (user_id, subject_id) values (18, 9);
insert into teacher_subjects (user_id, subject_id) values (19, 7);
insert into teacher_subjects (user_id, subject_id) values (20, 3);
insert into teacher_subjects (user_id, subject_id) values (21, 4);
insert into teacher_subjects (user_id, subject_id) values (22, 9);
insert into teacher_subjects (user_id, subject_id) values (23, 2);
insert into teacher_subjects (user_id, subject_id) values (24, 9);
insert into teacher_subjects (user_id, subject_id) values (25, 6);
insert into teacher_subjects (user_id, subject_id) values (26, 8);
insert into teacher_subjects (user_id, subject_id) values (27, 5);
insert into teacher_subjects (user_id, subject_id) values (28, 5);
insert into teacher_subjects (user_id, subject_id) values (29, 2);
insert into teacher_subjects (user_id, subject_id) values (30, 6);

UPDATE user 
SET `password` = '$2a$10$H2DvFb/ohGEZMk0GYIGube5Bs96ED797gTcGdBZUEfnJg6d3tLmR6'
WHERE id BETWEEN 51 AND 350;

		
UPDATE user 
SET `password` = '$2a$10$52K1dg0D500/QOQbckMjq.cwyCrGakolPXtq4d3JeEiE45uC0JhwG'
WHERE id BETWEEN 1 AND 50;

UPDATE user 
SET `image` = '2101e897-61c2-489f-86dc-8c03ab91360a.png'
WHERE id BETWEEN 1 AND 50;


SELECT u.*
FROM user AS u
INNER JOIN user_role AS ur ON u.id = ur.user_id
INNER JOIN role AS r ON r.id = ur.role_id
INNER JOIN user_info AS ui ON u.user_info_id = ui.id
WHERE ur.role_id = 4 AND  ui.class_id IS NULL

SELECT u.image, u.full_name, u.address, u.dob, ui.status, c.grade, c.class_name, c.school_year
      FROM user AS u
      INNER JOIN user_role AS ur ON u.id = ur.user_id 
      INNER JOIN role AS r ON r.id = ur.role_id 
      INNER JOIN user_info AS ui ON u.user_info_id = ui.id
      INNER JOIN class AS c ON c.id = ui.class_id
      WHERE ur.role_id = 4 AND c.grade = 10;

FROM User AS u 
INNER JOIN UserRole AS ur ON u.id = ur.pk.userId 
INNER JOIN Role AS r ON r.id = ur.pk.roleId 
INNER JOIN UserInfo AS ui ON u.userInfo.id = ui.id 
INNER JOIN Class AS c ON c.id = ui.aClass.id 
WHERE ur.pk.roleId = 4 AND u.fullName LIKE %:fullName% 
AND u.userInfo.aClass.grade = :grade AND u.aClass.className LIKE %:class%;

SELECT COUNT(u.id)
      FROM user AS u
      INNER JOIN user_role AS ur ON u.id = ur.user_id 
      INNER JOIN role AS r ON r.id = ur.role_id 
      INNER JOIN user_info AS ui ON u.user_info_id = ui.id
      WHERE ur.role_id = 4 AND ui.admission_year = YEAR(CURDATE(), INTERVAL 1 YEAR));

SELECT COUNT(m.id)
FROM mark AS m
INNER JOIN subjects AS s ON m.subjects_id = s.id
INNER JOIN user AS u ON u.id = m.student_id
WHERE m.student_id = 51 AND m.`type` = 5 AND m.semester = 1;




















