-- --------------------------------------------------------
-- Host:                         localhost
-- Server version:               8.0.27 - MySQL Community Server - GPL
-- Server OS:                    Win64
-- HeidiSQL Version:             11.3.0.6295
-- --------------------------------------------------------

/*!40101 SET @OLD_CHARACTER_SET_CLIENT=@@CHARACTER_SET_CLIENT */;
/*!40101 SET NAMES utf8 */;
/*!50503 SET NAMES utf8mb4 */;
/*!40014 SET @OLD_FOREIGN_KEY_CHECKS=@@FOREIGN_KEY_CHECKS, FOREIGN_KEY_CHECKS=0 */;
/*!40101 SET @OLD_SQL_MODE=@@SQL_MODE, SQL_MODE='NO_AUTO_VALUE_ON_ZERO' */;
/*!40111 SET @OLD_SQL_NOTES=@@SQL_NOTES, SQL_NOTES=0 */;


-- Dumping database structure for school_management
CREATE DATABASE IF NOT EXISTS `school_management` /*!40100 DEFAULT CHARACTER SET utf8 */ /*!80016 DEFAULT ENCRYPTION='N' */;
USE `school_management`;

-- Dumping structure for table school_management.attacment
CREATE TABLE IF NOT EXISTS `attacment` (
  `id` int NOT NULL AUTO_INCREMENT,
  `path` varchar(255) DEFAULT NULL,
  PRIMARY KEY (`id`)
) ENGINE=InnoDB DEFAULT CHARSET=utf8mb3;

-- Dumping data for table school_management.attacment: ~0 rows (approximately)
DELETE FROM `attacment`;
/*!40000 ALTER TABLE `attacment` DISABLE KEYS */;
/*!40000 ALTER TABLE `attacment` ENABLE KEYS */;

-- Dumping structure for table school_management.blog
CREATE TABLE IF NOT EXISTS `blog` (
  `id` int NOT NULL AUTO_INCREMENT,
  `content` varchar(255) DEFAULT NULL,
  `created_date` datetime(6) DEFAULT NULL,
  `header` varchar(255) DEFAULT NULL,
  `updated_date` datetime(6) DEFAULT NULL,
  `user_id` int DEFAULT NULL,
  PRIMARY KEY (`id`),
  KEY `FKpxk2jtysqn41oop7lvxcp6dqq` (`user_id`),
  CONSTRAINT `FKpxk2jtysqn41oop7lvxcp6dqq` FOREIGN KEY (`user_id`) REFERENCES `user` (`id`)
) ENGINE=InnoDB DEFAULT CHARSET=utf8mb3;

-- Dumping data for table school_management.blog: ~0 rows (approximately)
DELETE FROM `blog`;
/*!40000 ALTER TABLE `blog` DISABLE KEYS */;
/*!40000 ALTER TABLE `blog` ENABLE KEYS */;

-- Dumping structure for table school_management.class
CREATE TABLE IF NOT EXISTS `class` (
  `id` int NOT NULL AUTO_INCREMENT,
  `class_name` varchar(10) DEFAULT NULL,
  `created_date` datetime(6) DEFAULT NULL,
  `grade` int NOT NULL,
  `school_year` int NOT NULL,
  `updated_date` datetime(6) DEFAULT NULL,
  `user_id` int DEFAULT NULL,
  PRIMARY KEY (`id`),
  KEY `FKhjtee0w5l26pivuxosvmxv0ff` (`user_id`),
  CONSTRAINT `FKhjtee0w5l26pivuxosvmxv0ff` FOREIGN KEY (`user_id`) REFERENCES `user` (`id`)
) ENGINE=InnoDB AUTO_INCREMENT=13 DEFAULT CHARSET=utf8mb3;

-- Dumping data for table school_management.class: ~12 rows (approximately)
DELETE FROM `class`;
/*!40000 ALTER TABLE `class` DISABLE KEYS */;
INSERT INTO `class` (`id`, `class_name`, `created_date`, `grade`, `school_year`, `updated_date`, `user_id`) VALUES
	(1, '10A1', '2022-03-10 00:00:00.000000', 10, 1987, '2022-03-10 00:00:00.000000', 1),
	(2, '10A2', '2022-03-10 00:00:00.000000', 10, 1997, '2022-03-10 00:00:00.000000', 2),
	(3, '10A3', '2022-03-10 00:00:00.000000', 10, 1991, '2022-03-10 00:00:00.000000', 3),
	(4, '10A4', '2022-03-10 00:00:00.000000', 10, 1999, '2022-03-10 00:00:00.000000', 4),
	(5, '11A1', '2022-03-10 00:00:00.000000', 11, 2001, '2022-03-10 00:00:00.000000', 5),
	(6, '11A2', '2022-03-10 00:00:00.000000', 11, 1991, '2022-03-10 00:00:00.000000', 6),
	(7, '11A3', '2022-03-10 00:00:00.000000', 11, 2006, '2022-03-10 00:00:00.000000', 7),
	(8, '11A4', '2022-03-10 00:00:00.000000', 11, 2012, '2022-03-10 00:00:00.000000', 8),
	(9, '12A1', '2022-03-10 00:00:00.000000', 12, 1988, '2022-03-10 00:00:00.000000', 9),
	(10, '12A2', '2022-03-10 00:00:00.000000', 12, 2003, '2022-03-10 00:00:00.000000', 10),
	(11, '12A3', '2022-03-10 00:00:00.000000', 12, 2008, '2022-03-10 00:00:00.000000', 11),
	(12, '12A4', '2022-03-10 00:00:00.000000', 12, 1992, '2022-03-10 00:00:00.000000', 12);
/*!40000 ALTER TABLE `class` ENABLE KEYS */;

-- Dumping structure for table school_management.class_teacher_subject
CREATE TABLE IF NOT EXISTS `class_teacher_subject` (
  `id` int NOT NULL,
  `subject_id` int DEFAULT NULL,
  `class_id` int NOT NULL,
  `user_id` int NOT NULL,
  PRIMARY KEY (`class_id`,`user_id`),
  KEY `FKg3aq3ycx05p3qhmsg84vomes8` (`subject_id`),
  KEY `FKcyuugr3nif17s8hgifhrom8b7` (`user_id`),
  CONSTRAINT `FKcyuugr3nif17s8hgifhrom8b7` FOREIGN KEY (`user_id`) REFERENCES `user` (`id`),
  CONSTRAINT `FKfmjly5l6h5baj18gppqmti2ud` FOREIGN KEY (`class_id`) REFERENCES `class` (`id`),
  CONSTRAINT `FKg3aq3ycx05p3qhmsg84vomes8` FOREIGN KEY (`subject_id`) REFERENCES `subjects` (`id`)
) ENGINE=InnoDB DEFAULT CHARSET=utf8mb3;

-- Dumping data for table school_management.class_teacher_subject: ~0 rows (approximately)
DELETE FROM `class_teacher_subject`;
/*!40000 ALTER TABLE `class_teacher_subject` DISABLE KEYS */;
/*!40000 ALTER TABLE `class_teacher_subject` ENABLE KEYS */;

-- Dumping structure for table school_management.hibernate_sequence
CREATE TABLE IF NOT EXISTS `hibernate_sequence` (
  `next_val` bigint DEFAULT NULL
) ENGINE=InnoDB DEFAULT CHARSET=utf8mb3;

-- Dumping data for table school_management.hibernate_sequence: ~1 rows (approximately)
DELETE FROM `hibernate_sequence`;
/*!40000 ALTER TABLE `hibernate_sequence` DISABLE KEYS */;
INSERT INTO `hibernate_sequence` (`next_val`) VALUES
	(1);
/*!40000 ALTER TABLE `hibernate_sequence` ENABLE KEYS */;

-- Dumping structure for table school_management.mark
CREATE TABLE IF NOT EXISTS `mark` (
  `id` int NOT NULL AUTO_INCREMENT,
  `coefficient` int DEFAULT NULL,
  `created_date` datetime(6) DEFAULT NULL,
  `semester` int DEFAULT NULL,
  `type` int DEFAULT NULL,
  `updated_date` datetime(6) DEFAULT NULL,
  `created_by` int DEFAULT NULL,
  `updated_by` int DEFAULT NULL,
  PRIMARY KEY (`id`),
  KEY `FKkinjhmdsofm3luu3s61riey70` (`created_by`),
  KEY `FKf0ptqhygubgskvp43qv990yem` (`updated_by`),
  CONSTRAINT `FKf0ptqhygubgskvp43qv990yem` FOREIGN KEY (`updated_by`) REFERENCES `user` (`id`),
  CONSTRAINT `FKkinjhmdsofm3luu3s61riey70` FOREIGN KEY (`created_by`) REFERENCES `user` (`id`)
) ENGINE=InnoDB DEFAULT CHARSET=utf8mb3;

-- Dumping data for table school_management.mark: ~0 rows (approximately)
DELETE FROM `mark`;
/*!40000 ALTER TABLE `mark` DISABLE KEYS */;
/*!40000 ALTER TABLE `mark` ENABLE KEYS */;

-- Dumping structure for table school_management.role
CREATE TABLE IF NOT EXISTS `role` (
  `id` int NOT NULL AUTO_INCREMENT,
  `role_name` varchar(255) DEFAULT NULL,
  PRIMARY KEY (`id`)
) ENGINE=InnoDB AUTO_INCREMENT=4 DEFAULT CHARSET=utf8mb3;

-- Dumping data for table school_management.role: ~3 rows (approximately)
DELETE FROM `role`;
/*!40000 ALTER TABLE `role` DISABLE KEYS */;
INSERT INTO `role` (`id`, `role_name`) VALUES
	(1, 'ADMIN'),
	(2, 'TEACHER'),
	(3, 'HOMEROOM_TEACHER');
/*!40000 ALTER TABLE `role` ENABLE KEYS */;

-- Dumping structure for table school_management.student
CREATE TABLE IF NOT EXISTS `student` (
  `id` int NOT NULL AUTO_INCREMENT,
  `username` varchar(255) CHARACTER SET utf8 COLLATE utf8_general_ci NOT NULL,
  `admission_year` int NOT NULL,
  `address` varchar(255) DEFAULT NULL,
  `created_date` datetime(6) NOT NULL,
  `dob` date NOT NULL,
  `full_name` varchar(255) NOT NULL,
  `graduate_year` int NOT NULL,
  `image` varchar(255) CHARACTER SET utf8 COLLATE utf8_general_ci DEFAULT NULL,
  `password` varchar(255) NOT NULL,
  `status` int NOT NULL,
  `updated_date` datetime(6) NOT NULL,
  `class_id` int DEFAULT NULL,
  PRIMARY KEY (`id`),
  UNIQUE KEY `UK_jyet50p17q01ks2bv4sn8i5r7` (`username`),
  KEY `FKdwhkib64u47wc4yo4hk0cub90` (`class_id`),
  CONSTRAINT `FKdwhkib64u47wc4yo4hk0cub90` FOREIGN KEY (`class_id`) REFERENCES `class` (`id`)
) ENGINE=InnoDB AUTO_INCREMENT=501 DEFAULT CHARSET=utf8mb3;

-- Dumping data for table school_management.student: ~500 rows (approximately)
DELETE FROM `student`;
/*!40000 ALTER TABLE `student` DISABLE KEYS */;
INSERT INTO `student` (`id`, `username`, `admission_year`, `address`, `created_date`, `dob`, `full_name`, `graduate_year`, `image`, `password`, `status`, `updated_date`, `class_id`) VALUES
	(1, 'std_1988_1', 1988, '9 Express Center', '2022-03-10 10:32:00.000000', '2009-05-22', 'Abbott Jacob', 1989, '857669c2-0c68-43c1-9049-4576d9649197.jpg', '$2a$10$N0I1XKMXzmBbDLBTYdqESeKzMnh2wWUnalIArjJGNyXPX7y9sSrOG', 1, '2022-03-10 11:05:19.108015', 8),
	(2, 'std_1993_2', 1993, '69569 Buena Vista Lane', '2022-03-10 10:08:44.651594', '2009-03-10', 'Blondy Withinshaw', 2010, 'ba2e10bd-07d9-4f20-b775-e49f790c689b.jpg', '$2a$10$4DaRFJMwxH54ja2tX3S7ReTobQoy3B3FanrpArPWrjTOkd1LKtIH2', 1, '2022-03-10 10:08:44.651594', 9),
	(3, 'std_2011_3', 2011, '0345 Autumn Leaf Way', '2022-03-10 10:08:51.036234', '2009-06-09', 'Raleigh Belchamp', 2013, 'c465e4c5-7c72-49a8-bf7b-dbb16ad1303c.jpg', '$2a$10$arQkiHxG6KS.W04sBGpN3e8YxL9S/lInGal1JTcO/PQYOsahKxGyK', 3, '2022-03-10 10:08:51.036234', 8),
	(4, 'std_2011_21', 2011, '7 Hagan Point', '2022-03-10 10:21:00.000000', '2009-03-09', 'Olympe Booton', 2013, 'df837bb7-4e16-47f1-8fa4-d91e7ab49227.jpg', '$2a$10$jo0gFgmVvS.EBtVe7qBBEOVNpVsA2ChUvaQslk882Kq9ksK6TTZxW', 2, '2022-03-10 10:57:46.555418', 8),
	(5, 'std_2009_5', 2009, '6 Fairview Center', '2022-03-10 10:11:00.000000', '2008-04-15', 'Shari Backwell', 2001, 'a8f73bc8-d6d9-40d9-8a2d-5807c01dbba8.jpg', '$2a$10$mo0BKkQ81jA9xgXGKTJmwOsR2/gcaQp8qUjKei6A4QuZ.0/7hbOwe', 1, '2022-03-10 10:54:25.920539', 4),
	(6, 'std_2008_6', 2008, '2 Quincy Terrace', '2022-03-10 10:11:07.780018', '2008-10-14', 'Alvy Matkin', 2013, '857669c2-0c68-43c1-9049-4576d9649197.jpg', '$2a$10$8snNzpaY1KMmeLQOjcWsJefOqQkCPwuhDNEL.V/vpp4SJwDTJPsv.', 2, '2022-03-10 10:11:07.780018', 4),
	(7, 'jvashchenko6', 2009, '29 Green Trail', '2022-03-10 00:00:00.000000', '2008-11-29', 'Job Vashchenko', 2003, 'ba2e10bd-07d9-4f20-b775-e49f790c689b.jpg', 'dS7PZpZBSwnl', 2, '2022-03-10 00:00:00.000000', 11),
	(8, 'blitzmann7', 1993, '8012 Fuller Road', '2022-03-10 00:00:00.000000', '2010-01-23', 'Berkly Litzmann', 2002, 'c465e4c5-7c72-49a8-bf7b-dbb16ad1303c.jpg', 'EY2dLW', 3, '2022-03-10 00:00:00.000000', 2),
	(9, 'bschuck8', 2009, '1187 Darwin Plaza', '2022-03-10 00:00:00.000000', '2008-07-09', 'Brittaney Schuck', 2003, 'df837bb7-4e16-47f1-8fa4-d91e7ab49227.jpg', 'LzFEt8', 3, '2022-03-10 00:00:00.000000', 5),
	(10, 'msnedden9', 2008, '6731 Spohn Junction', '2022-03-10 00:00:00.000000', '2008-01-28', 'Melli Snedden', 1968, 'a8f73bc8-d6d9-40d9-8a2d-5807c01dbba8.jpg', 'SLNU7r', 1, '2022-03-10 00:00:00.000000', 9),
	(11, 'bkatta', 2012, '79907 Butterfield Way', '2022-03-10 00:00:00.000000', '2008-01-18', 'Blinni Katt', 1998, '857669c2-0c68-43c1-9049-4576d9649197.jpg', 't11boM', 1, '2022-03-10 00:00:00.000000', 4),
	(12, 'karkinb', 2010, '6 Carpenter Avenue', '2022-03-10 00:00:00.000000', '2008-10-04', 'Khalil Arkin', 2012, 'ba2e10bd-07d9-4f20-b775-e49f790c689b.jpg', 'TcOSXFE8', 2, '2022-03-10 00:00:00.000000', 4),
	(13, 'psizeyc', 2010, '7655 Hoard Hill', '2022-03-10 00:00:00.000000', '2007-05-24', 'Piggy Sizey', 2000, 'c465e4c5-7c72-49a8-bf7b-dbb16ad1303c.jpg', 'eKDMDSgoH', 1, '2022-03-10 00:00:00.000000', 9),
	(14, 'lbootd', 1994, '314 Northfield Court', '2022-03-10 00:00:00.000000', '2009-05-24', 'Lizzie Boot', 1988, 'df837bb7-4e16-47f1-8fa4-d91e7ab49227.jpg', 'PC8YXZ', 2, '2022-03-10 00:00:00.000000', 6),
	(15, 'tmcpakee', 2000, '2 Hooker Junction', '2022-03-10 00:00:00.000000', '2007-07-10', 'Tomlin McPake', 1993, 'a8f73bc8-d6d9-40d9-8a2d-5807c01dbba8.jpg', 'QFwR0KH', 2, '2022-03-10 00:00:00.000000', 9),
	(16, 'kdoorlyf', 1998, '2184 Kennedy Road', '2022-03-10 00:00:00.000000', '2008-07-05', 'Kelvin Doorly', 1981, '857669c2-0c68-43c1-9049-4576d9649197.jpg', 'K221CsV3dM', 3, '2022-03-10 00:00:00.000000', 4),
	(17, 'skobierzyckig', 2001, '1864 Mockingbird Road', '2022-03-10 00:00:00.000000', '2008-07-31', 'Sandye Kobierzycki', 1997, 'ba2e10bd-07d9-4f20-b775-e49f790c689b.jpg', '7Rx3VY', 1, '2022-03-10 00:00:00.000000', 7),
	(18, 'sbassingdenh', 2000, '2 Manitowish Crossing', '2022-03-10 00:00:00.000000', '2010-01-01', 'Sumner Bassingden', 1966, 'c465e4c5-7c72-49a8-bf7b-dbb16ad1303c.jpg', 'UUXIFryvQ', 2, '2022-03-10 00:00:00.000000', 3),
	(19, 'ecavei', 1999, '67145 Sutteridge Crossing', '2022-03-10 00:00:00.000000', '2008-11-12', 'Emmeline Cave', 2009, 'df837bb7-4e16-47f1-8fa4-d91e7ab49227.jpg', 'wymVZAV', 3, '2022-03-10 00:00:00.000000', 7),
	(20, 'ctatlockj', 1994, '8 Center Place', '2022-03-10 00:00:00.000000', '2009-06-18', 'Cece Tatlock', 2006, 'a8f73bc8-d6d9-40d9-8a2d-5807c01dbba8.jpg', 'c26RxPQx', 3, '2022-03-10 00:00:00.000000', 3),
	(21, 'ctitlowk', 2001, '6 Kingsford Street', '2022-03-10 00:00:00.000000', '2007-07-19', 'Cleveland Titlow', 2012, '857669c2-0c68-43c1-9049-4576d9649197.jpg', 'zdMYgEXy', 2, '2022-03-10 00:00:00.000000', 5),
	(22, 'dhorchel', 2004, '99 Sachs Alley', '2022-03-10 00:00:00.000000', '2007-03-19', 'Danyette Horche', 2007, 'ba2e10bd-07d9-4f20-b775-e49f790c689b.jpg', '32Rz0mXoe', 3, '2022-03-10 00:00:00.000000', 12),
	(23, 'cfilippom', 2008, '6769 Hazelcrest Alley', '2022-03-10 00:00:00.000000', '2009-06-07', 'Chere Filippo', 2009, 'c465e4c5-7c72-49a8-bf7b-dbb16ad1303c.jpg', 'yx60fFseTopr', 3, '2022-03-10 00:00:00.000000', 3),
	(24, 'droycroftn', 2003, '65 Vermont Plaza', '2022-03-10 00:00:00.000000', '2009-05-21', 'Daveen Roycroft', 2011, 'df837bb7-4e16-47f1-8fa4-d91e7ab49227.jpg', 'speOzpWGQFQ4', 3, '2022-03-10 00:00:00.000000', 8),
	(25, 'wmaulto', 2010, '93 Bartillon Center', '2022-03-10 00:00:00.000000', '2009-03-10', 'Waylan Mault', 2008, 'a8f73bc8-d6d9-40d9-8a2d-5807c01dbba8.jpg', 'fRMDQO', 3, '2022-03-10 00:00:00.000000', 3),
	(26, 'ifrayp', 2005, '67994 Stone Corner Drive', '2022-03-10 00:00:00.000000', '2010-01-11', 'Imelda Fray', 2007, '857669c2-0c68-43c1-9049-4576d9649197.jpg', 'v8bw63XOHFV', 3, '2022-03-10 00:00:00.000000', 11),
	(27, 'lkeyzorq', 1995, '4473 Granby Road', '2022-03-10 00:00:00.000000', '2007-05-02', 'Lory Keyzor', 1999, 'ba2e10bd-07d9-4f20-b775-e49f790c689b.jpg', '925iMq0', 2, '2022-03-10 00:00:00.000000', 1),
	(28, 'kbrimnerr', 2013, '94392 Myrtle Street', '2022-03-10 00:00:00.000000', '2007-09-17', 'Kally Brimner', 2003, 'c465e4c5-7c72-49a8-bf7b-dbb16ad1303c.jpg', 'N7kFMzvBl', 3, '2022-03-10 00:00:00.000000', 6),
	(29, 'sbalwins', 2009, '9 Knutson Place', '2022-03-10 00:00:00.000000', '2009-06-24', 'Sara-ann Balwin', 1993, 'df837bb7-4e16-47f1-8fa4-d91e7ab49227.jpg', 'VF2ocjI', 3, '2022-03-10 00:00:00.000000', 7),
	(30, 'smaudettt', 1999, '0018 Superior Pass', '2022-03-10 00:00:00.000000', '2008-11-01', 'Silvia Maudett', 1994, 'a8f73bc8-d6d9-40d9-8a2d-5807c01dbba8.jpg', 'qcXt6Xm5j', 2, '2022-03-10 00:00:00.000000', 3),
	(31, 'agarstanu', 2012, '235 Reindahl Parkway', '2022-03-10 00:00:00.000000', '2007-10-17', 'Ashton Garstan', 2008, '857669c2-0c68-43c1-9049-4576d9649197.jpg', 'Rops1IE', 2, '2022-03-10 00:00:00.000000', 6),
	(32, 'dhaddrillv', 1994, '4 Monument Junction', '2022-03-10 00:00:00.000000', '2007-04-14', 'Dorothea Haddrill', 2008, 'ba2e10bd-07d9-4f20-b775-e49f790c689b.jpg', 'ZRr7t54hQnoW', 1, '2022-03-10 00:00:00.000000', 8),
	(33, 'habelaw', 2008, '512 Pine View Place', '2022-03-10 00:00:00.000000', '2007-05-05', 'Hollis Abela', 1986, 'c465e4c5-7c72-49a8-bf7b-dbb16ad1303c.jpg', 'Q5EeHRU6w', 2, '2022-03-10 00:00:00.000000', 12),
	(34, 'jliebx', 2000, '82095 Hallows Crossing', '2022-03-10 00:00:00.000000', '2009-04-09', 'Jilly Lieb', 2006, 'df837bb7-4e16-47f1-8fa4-d91e7ab49227.jpg', 'u2346mrW', 3, '2022-03-10 00:00:00.000000', 4),
	(35, 'pfawdryy', 2010, '76 Mcbride Point', '2022-03-10 00:00:00.000000', '2008-07-26', 'Pierette Fawdry', 1992, 'a8f73bc8-d6d9-40d9-8a2d-5807c01dbba8.jpg', 'Fl29vxE', 3, '2022-03-10 00:00:00.000000', 3),
	(36, 'pstennersz', 2012, '039 Bashford Road', '2022-03-10 00:00:00.000000', '2008-06-03', 'Penny Stenners', 2003, '857669c2-0c68-43c1-9049-4576d9649197.jpg', 'SAkK9CR', 3, '2022-03-10 00:00:00.000000', 3),
	(37, 'spresdie10', 2009, '8 Hayes Way', '2022-03-10 00:00:00.000000', '2009-01-11', 'Stafani Presdie', 2001, 'ba2e10bd-07d9-4f20-b775-e49f790c689b.jpg', 'AjYvbg', 2, '2022-03-10 00:00:00.000000', 6),
	(38, 'ckimble11', 2001, '00 Oxford Lane', '2022-03-10 00:00:00.000000', '2009-07-30', 'Claire Kimble', 2002, 'c465e4c5-7c72-49a8-bf7b-dbb16ad1303c.jpg', 'lqhe7UlLE', 1, '2022-03-10 00:00:00.000000', 12),
	(39, 'cfortnum12', 1993, '449 Superior Park', '2022-03-10 00:00:00.000000', '2009-09-13', 'Clemmie Fortnum', 1996, 'df837bb7-4e16-47f1-8fa4-d91e7ab49227.jpg', 'W7lxbQDNzl', 2, '2022-03-10 00:00:00.000000', 8),
	(40, 'drizzotto13', 1995, '61946 American Ash Plaza', '2022-03-10 00:00:00.000000', '2008-07-18', 'Delilah Rizzotto', 2001, 'a8f73bc8-d6d9-40d9-8a2d-5807c01dbba8.jpg', 'MFurzN5iPtz', 2, '2022-03-10 00:00:00.000000', 7),
	(41, 'fcornier14', 1998, '6286 Prairie Rose Alley', '2022-03-10 00:00:00.000000', '2008-02-25', 'Francisca Cornier', 1987, '857669c2-0c68-43c1-9049-4576d9649197.jpg', 'v56YXL', 1, '2022-03-10 00:00:00.000000', 2),
	(42, 'pciccottini15', 2005, '755 Southridge Junction', '2022-03-10 00:00:00.000000', '2008-12-23', 'Phil Ciccottini', 1997, 'ba2e10bd-07d9-4f20-b775-e49f790c689b.jpg', 'rlCjcYsu', 1, '2022-03-10 00:00:00.000000', 1),
	(43, 'creichhardt16', 1994, '5 Ryan Terrace', '2022-03-10 00:00:00.000000', '2007-06-10', 'Carmine Reichhardt', 1967, 'c465e4c5-7c72-49a8-bf7b-dbb16ad1303c.jpg', 'gk7xuCJ8', 1, '2022-03-10 00:00:00.000000', 3),
	(44, 'lbaiyle17', 2007, '595 Tomscot Junction', '2022-03-10 00:00:00.000000', '2007-12-21', 'Lurline Baiyle', 2007, 'df837bb7-4e16-47f1-8fa4-d91e7ab49227.jpg', 'tBBkk5C', 3, '2022-03-10 00:00:00.000000', 12),
	(45, 'rmoyler18', 2009, '9 Gerald Street', '2022-03-10 00:00:00.000000', '2007-12-05', 'Ross Moyler', 1987, 'a8f73bc8-d6d9-40d9-8a2d-5807c01dbba8.jpg', 'm80pH6OWc', 2, '2022-03-10 00:00:00.000000', 6),
	(46, 'wlowles19', 2000, '83551 Johnson Lane', '2022-03-10 00:00:00.000000', '2009-06-02', 'Winfred Lowles', 2005, '857669c2-0c68-43c1-9049-4576d9649197.jpg', 'dYgkW4chEhF', 2, '2022-03-10 00:00:00.000000', 12),
	(47, 'spennigar1a', 1994, '7410 Colorado Junction', '2022-03-10 00:00:00.000000', '2007-12-02', 'Stormie Pennigar', 2008, 'ba2e10bd-07d9-4f20-b775-e49f790c689b.jpg', 'ZRI4eJ85', 2, '2022-03-10 00:00:00.000000', 9),
	(48, 'ndelahunt1b', 1996, '0 Eagle Crest Point', '2022-03-10 00:00:00.000000', '2008-07-01', 'Noni Delahunt', 2002, 'c465e4c5-7c72-49a8-bf7b-dbb16ad1303c.jpg', '4baCcaTVYaKd', 1, '2022-03-10 00:00:00.000000', 3),
	(49, 'alawly1c', 1996, '4 Elmside Court', '2022-03-10 00:00:00.000000', '2008-07-02', 'Aimee Lawly', 1997, 'df837bb7-4e16-47f1-8fa4-d91e7ab49227.jpg', 'AFE2oern', 2, '2022-03-10 00:00:00.000000', 6),
	(50, 'dblatchford1d', 1995, '5513 Boyd Park', '2022-03-10 00:00:00.000000', '2009-11-10', 'Diann Blatchford', 2010, 'a8f73bc8-d6d9-40d9-8a2d-5807c01dbba8.jpg', 'Bb22sE2', 2, '2022-03-10 00:00:00.000000', 10),
	(51, 'lpanther1e', 2010, '4 Union Avenue', '2022-03-10 00:00:00.000000', '2008-04-23', 'Laetitia Panther', 1994, '857669c2-0c68-43c1-9049-4576d9649197.jpg', 'CwBbY9yK', 1, '2022-03-10 00:00:00.000000', 8),
	(52, 'bquinby1f', 2004, '1019 Russell Hill', '2022-03-10 00:00:00.000000', '2007-09-04', 'Brendin Quinby', 1997, 'ba2e10bd-07d9-4f20-b775-e49f790c689b.jpg', 'MqeL48Hstc', 1, '2022-03-10 00:00:00.000000', 3),
	(53, 'bhanmore1g', 2009, '5195 Stone Corner Way', '2022-03-10 00:00:00.000000', '2009-12-26', 'Bernette Hanmore', 1994, 'c465e4c5-7c72-49a8-bf7b-dbb16ad1303c.jpg', 'j8ggAl', 2, '2022-03-10 00:00:00.000000', 12),
	(54, 'clouiset1h', 2008, '1 Northridge Crossing', '2022-03-10 00:00:00.000000', '2009-01-26', 'Christye Louiset', 1977, 'df837bb7-4e16-47f1-8fa4-d91e7ab49227.jpg', 'j4Uc5c', 1, '2022-03-10 00:00:00.000000', 6),
	(55, 'jcapner1i', 2007, '514 Pierstorff Hill', '2022-03-10 00:00:00.000000', '2008-01-10', 'Jemimah Capner', 2002, 'a8f73bc8-d6d9-40d9-8a2d-5807c01dbba8.jpg', 'kvCGLxF', 3, '2022-03-10 00:00:00.000000', 12),
	(56, 'cnevison1j', 2009, '8124 Westerfield Parkway', '2022-03-10 00:00:00.000000', '2007-08-16', 'Cherry Nevison', 1994, '857669c2-0c68-43c1-9049-4576d9649197.jpg', 'NHeabwFg', 1, '2022-03-10 00:00:00.000000', 2),
	(57, 'fnelthorpe1k', 2003, '41825 Rigney Trail', '2022-03-10 00:00:00.000000', '2009-01-12', 'Fancy Nelthorpe', 2008, 'ba2e10bd-07d9-4f20-b775-e49f790c689b.jpg', 'e76EoaUi869A', 2, '2022-03-10 00:00:00.000000', 10),
	(58, 'acrocroft1l', 1993, '2609 Lighthouse Bay Drive', '2022-03-10 00:00:00.000000', '2009-09-06', 'Antonino Crocroft', 2006, 'c465e4c5-7c72-49a8-bf7b-dbb16ad1303c.jpg', 'TFVp0h', 2, '2022-03-10 00:00:00.000000', 5),
	(59, 'dbrunelli1m', 1988, '967 Mesta Hill', '2022-03-10 00:00:00.000000', '2007-12-23', 'Denney Brunelli', 1991, 'df837bb7-4e16-47f1-8fa4-d91e7ab49227.jpg', 'nhfwjkf', 2, '2022-03-10 00:00:00.000000', 2),
	(60, 'cbedward1n', 1971, '50798 Sunfield Trail', '2022-03-10 00:00:00.000000', '2009-11-25', 'Carline Bedward', 2007, 'a8f73bc8-d6d9-40d9-8a2d-5807c01dbba8.jpg', 'HcOOfecK', 2, '2022-03-10 00:00:00.000000', 9),
	(61, 'pwansbury1o', 2007, '36 Village Plaza', '2022-03-10 00:00:00.000000', '2008-01-15', 'Pansy Wansbury', 1998, '857669c2-0c68-43c1-9049-4576d9649197.jpg', 'pmav1xZ', 3, '2022-03-10 00:00:00.000000', 6),
	(62, 'aflewin1p', 2008, '837 Fordem Road', '2022-03-10 00:00:00.000000', '2008-05-02', 'Anissa Flewin', 1997, 'ba2e10bd-07d9-4f20-b775-e49f790c689b.jpg', 'RIvMoapi5CP8', 1, '2022-03-10 00:00:00.000000', 7),
	(63, 'cstormouth1q', 2009, '8968 Blackbird Place', '2022-03-10 00:00:00.000000', '2009-08-15', 'Cathe Stormouth', 1999, 'c465e4c5-7c72-49a8-bf7b-dbb16ad1303c.jpg', 'aAXovbBC', 1, '2022-03-10 00:00:00.000000', 4),
	(64, 'cshoreson1r', 2009, '5 Debs Lane', '2022-03-10 00:00:00.000000', '2008-01-21', 'Camila Shoreson', 2007, 'df837bb7-4e16-47f1-8fa4-d91e7ab49227.jpg', 'DXv8A0gK', 2, '2022-03-10 00:00:00.000000', 2),
	(65, 'sgowing1s', 2005, '6 5th Park', '2022-03-10 00:00:00.000000', '2007-05-07', 'Sharai Gowing', 2001, 'a8f73bc8-d6d9-40d9-8a2d-5807c01dbba8.jpg', '2bAicj1b7m', 3, '2022-03-10 00:00:00.000000', 2),
	(66, 'mpickrell1t', 1994, '29 Boyd Center', '2022-03-10 00:00:00.000000', '2007-05-19', 'Melisa Pickrell', 1997, '857669c2-0c68-43c1-9049-4576d9649197.jpg', '1UP3xlulQc', 3, '2022-03-10 00:00:00.000000', 9),
	(67, 'dstute1u', 2003, '991 La Follette Lane', '2022-03-10 00:00:00.000000', '2009-06-08', 'Dino Stute', 1963, 'ba2e10bd-07d9-4f20-b775-e49f790c689b.jpg', 'tOayl2xr9Pr0', 1, '2022-03-10 00:00:00.000000', 10),
	(68, 'jcyples1v', 1995, '079 Graceland Plaza', '2022-03-10 00:00:00.000000', '2008-09-02', 'Jackie Cyples', 2007, 'c465e4c5-7c72-49a8-bf7b-dbb16ad1303c.jpg', 'lGgqeB', 1, '2022-03-10 00:00:00.000000', 9),
	(69, 'hwarmington1w', 1994, '7 Eliot Alley', '2022-03-10 00:00:00.000000', '2008-02-26', 'Hephzibah Warmington', 2006, 'df837bb7-4e16-47f1-8fa4-d91e7ab49227.jpg', 'ZzPjdY', 2, '2022-03-10 00:00:00.000000', 12),
	(70, 'rcourteney1x', 2001, '56 Cambridge Park', '2022-03-10 00:00:00.000000', '2009-11-10', 'Rosalia Courteney', 2004, 'a8f73bc8-d6d9-40d9-8a2d-5807c01dbba8.jpg', 'HstwpFqi', 3, '2022-03-10 00:00:00.000000', 5),
	(71, 'elongmate1y', 1994, '9 Monterey Junction', '2022-03-10 00:00:00.000000', '2008-10-18', 'Emalia Longmate', 1998, '857669c2-0c68-43c1-9049-4576d9649197.jpg', 'a3VOt95NCH9e', 2, '2022-03-10 00:00:00.000000', 12),
	(72, 'sashburner1z', 2007, '89843 Toban Road', '2022-03-10 00:00:00.000000', '2009-12-20', 'Shayne Ashburner', 2004, 'ba2e10bd-07d9-4f20-b775-e49f790c689b.jpg', '0p6mpFK', 1, '2022-03-10 00:00:00.000000', 12),
	(73, 'cgosswell20', 1986, '95747 Petterle Drive', '2022-03-10 00:00:00.000000', '2007-12-25', 'Cory Gosswell', 2008, 'c465e4c5-7c72-49a8-bf7b-dbb16ad1303c.jpg', 'UfBDST96Rx0o', 3, '2022-03-10 00:00:00.000000', 6),
	(74, 'jbigland21', 2006, '07706 Dunning Park', '2022-03-10 00:00:00.000000', '2008-06-08', 'Jody Bigland', 2008, 'df837bb7-4e16-47f1-8fa4-d91e7ab49227.jpg', 'jlz1JPIk', 2, '2022-03-10 00:00:00.000000', 7),
	(75, 'bquadri22', 2010, '91 Canary Avenue', '2022-03-10 00:00:00.000000', '2009-05-03', 'Biddie Quadri', 2011, 'a8f73bc8-d6d9-40d9-8a2d-5807c01dbba8.jpg', '8u19Xod', 1, '2022-03-10 00:00:00.000000', 7),
	(76, 'tcouchman23', 2007, '393 Oriole Terrace', '2022-03-10 00:00:00.000000', '2007-05-15', 'Trumann Couchman', 2010, '857669c2-0c68-43c1-9049-4576d9649197.jpg', 'aiQpb4', 3, '2022-03-10 00:00:00.000000', 7),
	(77, 'tbrasener24', 2008, '83 Thompson Hill', '2022-03-10 00:00:00.000000', '2008-10-22', 'Torrence Brasener', 1992, 'ba2e10bd-07d9-4f20-b775-e49f790c689b.jpg', 'BK194yXQlo8', 3, '2022-03-10 00:00:00.000000', 2),
	(78, 'gmatuszyk25', 1986, '05 Esch Trail', '2022-03-10 00:00:00.000000', '2009-12-16', 'Giorgi Matuszyk', 1995, 'c465e4c5-7c72-49a8-bf7b-dbb16ad1303c.jpg', 'eDfAHSz', 1, '2022-03-10 00:00:00.000000', 3),
	(79, 'ewhithalgh26', 1990, '53075 Monica Street', '2022-03-10 00:00:00.000000', '2008-03-08', 'Elnore Whithalgh', 2006, 'df837bb7-4e16-47f1-8fa4-d91e7ab49227.jpg', 'ge1r5s', 3, '2022-03-10 00:00:00.000000', 11),
	(80, 'lhalliday27', 2000, '3 Anzinger Junction', '2022-03-10 00:00:00.000000', '2008-11-04', 'Lief Halliday', 1998, 'a8f73bc8-d6d9-40d9-8a2d-5807c01dbba8.jpg', 'VOPlTFm5iB', 2, '2022-03-10 00:00:00.000000', 7),
	(81, 'vcomi28', 1998, '50451 Prentice Parkway', '2022-03-10 00:00:00.000000', '2007-10-08', 'Val Comi', 1964, '857669c2-0c68-43c1-9049-4576d9649197.jpg', 'dzpE1kkx06s', 1, '2022-03-10 00:00:00.000000', 8),
	(82, 'cbirt29', 2007, '80 Pond Drive', '2022-03-10 00:00:00.000000', '2009-05-31', 'Clive Birt', 2010, 'ba2e10bd-07d9-4f20-b775-e49f790c689b.jpg', '47ZCeSaXH2', 3, '2022-03-10 00:00:00.000000', 6),
	(83, 'bdeeley2a', 2007, '49827 Reinke Lane', '2022-03-10 00:00:00.000000', '2008-10-07', 'Brose Deeley', 2009, 'c465e4c5-7c72-49a8-bf7b-dbb16ad1303c.jpg', 'q40y8P', 1, '2022-03-10 00:00:00.000000', 2),
	(84, 'lparks2b', 1990, '11440 Heffernan Hill', '2022-03-10 00:00:00.000000', '2009-04-02', 'Lesly Parks', 2011, 'df837bb7-4e16-47f1-8fa4-d91e7ab49227.jpg', 'yxcAo8yO', 3, '2022-03-10 00:00:00.000000', 5),
	(85, 'fcustard2c', 1996, '1 Corscot Avenue', '2022-03-10 00:00:00.000000', '2009-07-04', 'Freddie Custard', 2002, 'a8f73bc8-d6d9-40d9-8a2d-5807c01dbba8.jpg', '8LfTUtw', 3, '2022-03-10 00:00:00.000000', 5),
	(86, 'llundy2d', 2009, '16632 Sheridan Park', '2022-03-10 00:00:00.000000', '2008-06-15', 'Lorenza Lundy', 2000, '857669c2-0c68-43c1-9049-4576d9649197.jpg', 'nvdmLI', 3, '2022-03-10 00:00:00.000000', 10),
	(87, 'nbonfield2e', 1984, '2164 Sloan Parkway', '2022-03-10 00:00:00.000000', '2009-12-05', 'Noni Bonfield', 2010, 'ba2e10bd-07d9-4f20-b775-e49f790c689b.jpg', 'pHWScZz', 1, '2022-03-10 00:00:00.000000', 4),
	(88, 'psharville2f', 1993, '174 Maywood Road', '2022-03-10 00:00:00.000000', '2007-10-20', 'Pavia Sharville', 2002, 'c465e4c5-7c72-49a8-bf7b-dbb16ad1303c.jpg', '399LKX1', 3, '2022-03-10 00:00:00.000000', 6),
	(89, 'harling2g', 1996, '850 Ilene Junction', '2022-03-10 00:00:00.000000', '2007-06-13', 'Herby Arling', 2003, 'df837bb7-4e16-47f1-8fa4-d91e7ab49227.jpg', 'cw01YRKrR2', 2, '2022-03-10 00:00:00.000000', 3),
	(90, 'atexton2h', 1997, '2 Granby Parkway', '2022-03-10 00:00:00.000000', '2008-03-12', 'Ariella Texton', 2010, 'a8f73bc8-d6d9-40d9-8a2d-5807c01dbba8.jpg', 'Kggn6HDCquNj', 2, '2022-03-10 00:00:00.000000', 11),
	(91, 'mburdon2i', 2007, '0951 Hollow Ridge Crossing', '2022-03-10 00:00:00.000000', '2009-11-18', 'Mar Burdon', 2005, '857669c2-0c68-43c1-9049-4576d9649197.jpg', '01nhNYQpgJg', 1, '2022-03-10 00:00:00.000000', 12),
	(92, 'mskelhorn2j', 1999, '0872 Eggendart Crossing', '2022-03-10 00:00:00.000000', '2007-03-14', 'Mala Skelhorn', 1991, 'ba2e10bd-07d9-4f20-b775-e49f790c689b.jpg', 'C8DiszaVQNa0', 1, '2022-03-10 00:00:00.000000', 4),
	(93, 'gdanby2k', 1996, '71449 Sunnyside Plaza', '2022-03-10 00:00:00.000000', '2007-03-18', 'Georgiana Danby', 2005, 'c465e4c5-7c72-49a8-bf7b-dbb16ad1303c.jpg', 'Jrrjui6j', 3, '2022-03-10 00:00:00.000000', 5),
	(94, 'jwrighton2l', 1999, '227 Golf View Drive', '2022-03-10 00:00:00.000000', '2009-03-31', 'Janaya Wrighton', 2010, 'df837bb7-4e16-47f1-8fa4-d91e7ab49227.jpg', 'jSG7DxgtmeQ', 3, '2022-03-10 00:00:00.000000', 1),
	(95, 'memsley2m', 1992, '63710 Manley Center', '2022-03-10 00:00:00.000000', '2009-07-22', 'Marsha Emsley', 2003, 'a8f73bc8-d6d9-40d9-8a2d-5807c01dbba8.jpg', 'mLLaPPJ8t3E3', 1, '2022-03-10 00:00:00.000000', 3),
	(96, 'bsigge2n', 2000, '1 North Lane', '2022-03-10 00:00:00.000000', '2010-03-09', 'Bearnard Sigge', 2011, '857669c2-0c68-43c1-9049-4576d9649197.jpg', '9haHyyRbX', 1, '2022-03-10 00:00:00.000000', 3),
	(97, 'rstrangeway2o', 1993, '51 Rutledge Junction', '2022-03-10 00:00:00.000000', '2008-07-31', 'Renae Strangeway', 1967, 'ba2e10bd-07d9-4f20-b775-e49f790c689b.jpg', 'QiojJ3k', 1, '2022-03-10 00:00:00.000000', 5),
	(98, 'wleake2p', 2007, '5746 Birchwood Park', '2022-03-10 00:00:00.000000', '2008-10-22', 'Wilfrid Leake', 1994, 'c465e4c5-7c72-49a8-bf7b-dbb16ad1303c.jpg', '7cD0nNKxAJX', 2, '2022-03-10 00:00:00.000000', 1),
	(99, 'tkenlin2q', 2011, '90688 Forest Dale Point', '2022-03-10 00:00:00.000000', '2008-09-14', 'Tanny Kenlin', 1989, 'df837bb7-4e16-47f1-8fa4-d91e7ab49227.jpg', 'keQjVNKpR0g', 2, '2022-03-10 00:00:00.000000', 12),
	(100, 'fpalfree2r', 2004, '38994 Tomscot Terrace', '2022-03-10 00:00:00.000000', '2010-02-24', 'Fletcher Palfree', 2010, 'a8f73bc8-d6d9-40d9-8a2d-5807c01dbba8.jpg', 'VSfp1v', 2, '2022-03-10 00:00:00.000000', 5),
	(101, 'bseemmonds2s', 2009, '2 Nelson Court', '2022-03-10 00:00:00.000000', '2007-07-29', 'Brion Seemmonds', 2002, '857669c2-0c68-43c1-9049-4576d9649197.jpg', 'x0faFUj', 1, '2022-03-10 00:00:00.000000', 7),
	(102, 'jtant2t', 2003, '7150 Anniversary Pass', '2022-03-10 00:00:00.000000', '2009-09-07', 'Joya Tant', 1989, 'ba2e10bd-07d9-4f20-b775-e49f790c689b.jpg', 'uw6xRkFWkIu', 2, '2022-03-10 00:00:00.000000', 9),
	(103, 'dobeney2u', 2004, '8883 Lerdahl Court', '2022-03-10 00:00:00.000000', '2009-04-02', 'Dunc Obeney', 2003, 'c465e4c5-7c72-49a8-bf7b-dbb16ad1303c.jpg', '0C5QTP', 3, '2022-03-10 00:00:00.000000', 4),
	(104, 'mmonte2v', 1996, '012 Buena Vista Lane', '2022-03-10 00:00:00.000000', '2009-03-15', 'Mary Monte', 2008, 'df837bb7-4e16-47f1-8fa4-d91e7ab49227.jpg', 'sicwrRezO', 1, '2022-03-10 00:00:00.000000', 4),
	(105, 'gthorburn2w', 1993, '37677 Roth Junction', '2022-03-10 00:00:00.000000', '2007-06-23', 'Georgianne Thorburn', 2002, 'a8f73bc8-d6d9-40d9-8a2d-5807c01dbba8.jpg', 'vixai5t', 2, '2022-03-10 00:00:00.000000', 5),
	(106, 'mrendle2x', 1969, '79 Sunbrook Crossing', '2022-03-10 00:00:00.000000', '2008-12-29', 'Meggie Rendle', 2004, '857669c2-0c68-43c1-9049-4576d9649197.jpg', 'm0YxFcZw5uHA', 2, '2022-03-10 00:00:00.000000', 12),
	(107, 'omoorhouse2y', 1985, '13 Waxwing Point', '2022-03-10 00:00:00.000000', '2009-05-13', 'Odelle Moorhouse', 1999, 'ba2e10bd-07d9-4f20-b775-e49f790c689b.jpg', 'uLpqccr8pN', 3, '2022-03-10 00:00:00.000000', 5),
	(108, 'cdeares2z', 1997, '44101 Carey Park', '2022-03-10 00:00:00.000000', '2009-04-19', 'Christyna Deares', 2002, 'c465e4c5-7c72-49a8-bf7b-dbb16ad1303c.jpg', 'VeHKCu', 3, '2022-03-10 00:00:00.000000', 1),
	(109, 'msecombe30', 1993, '952 Forest Pass', '2022-03-10 00:00:00.000000', '2009-01-19', 'Mychal Secombe', 1997, 'df837bb7-4e16-47f1-8fa4-d91e7ab49227.jpg', 'Ngxca0MhZfbU', 2, '2022-03-10 00:00:00.000000', 1),
	(110, 'pwhoston31', 1995, '66855 Ohio Center', '2022-03-10 00:00:00.000000', '2009-04-28', 'Pandora Whoston', 2012, 'a8f73bc8-d6d9-40d9-8a2d-5807c01dbba8.jpg', 'RqSYuuHTR', 3, '2022-03-10 00:00:00.000000', 6),
	(111, 'dmeaker32', 1969, '440 Sage Avenue', '2022-03-10 00:00:00.000000', '2009-09-10', 'Dusty Meaker', 2011, '857669c2-0c68-43c1-9049-4576d9649197.jpg', 'QFtZWlpc', 3, '2022-03-10 00:00:00.000000', 12),
	(112, 'llinke33', 2004, '91 Ridgeview Center', '2022-03-10 00:00:00.000000', '2008-06-09', 'Lizbeth Linke', 1992, 'ba2e10bd-07d9-4f20-b775-e49f790c689b.jpg', 'KI7JlSgDs2', 1, '2022-03-10 00:00:00.000000', 7),
	(113, 'hlyven34', 2006, '04 Caliangt Hill', '2022-03-10 00:00:00.000000', '2008-08-06', 'Hardy Lyven', 2004, 'c465e4c5-7c72-49a8-bf7b-dbb16ad1303c.jpg', 'iHcH5ai8Ys', 2, '2022-03-10 00:00:00.000000', 2),
	(114, 'dcoxhead35', 1992, '771 Elmside Avenue', '2022-03-10 00:00:00.000000', '2007-04-26', 'Dave Coxhead', 2009, 'df837bb7-4e16-47f1-8fa4-d91e7ab49227.jpg', '8Em6f3cGGx', 3, '2022-03-10 00:00:00.000000', 12),
	(115, 'lwythill36', 1995, '5 Westridge Plaza', '2022-03-10 00:00:00.000000', '2009-04-14', 'Lindie Wythill', 2011, 'a8f73bc8-d6d9-40d9-8a2d-5807c01dbba8.jpg', 'uhr75KjwV', 3, '2022-03-10 00:00:00.000000', 10),
	(116, 'mmillgate37', 2000, '23187 Kingsford Circle', '2022-03-10 00:00:00.000000', '2008-09-04', 'Merola Millgate', 1985, '857669c2-0c68-43c1-9049-4576d9649197.jpg', 'Wv9bAq304if2', 3, '2022-03-10 00:00:00.000000', 8),
	(117, 'ctregonna38', 2001, '48998 Nobel Plaza', '2022-03-10 00:00:00.000000', '2008-11-28', 'Corinne Tregonna', 1997, 'ba2e10bd-07d9-4f20-b775-e49f790c689b.jpg', 'mqjKB4RD', 1, '2022-03-10 00:00:00.000000', 4),
	(118, 'cmoncrieffe39', 2001, '9 Tennessee Hill', '2022-03-10 00:00:00.000000', '2008-10-19', 'Chloe Moncrieffe', 2001, 'c465e4c5-7c72-49a8-bf7b-dbb16ad1303c.jpg', 'xOvMSUI', 3, '2022-03-10 00:00:00.000000', 6),
	(119, 'lbirkmyr3a', 2009, '9378 Mandrake Circle', '2022-03-10 00:00:00.000000', '2007-10-28', 'Lancelot Birkmyr', 1985, 'df837bb7-4e16-47f1-8fa4-d91e7ab49227.jpg', 'Di7qbwefk', 2, '2022-03-10 00:00:00.000000', 11),
	(120, 'rjenicek3b', 1989, '04685 Springs Place', '2022-03-10 00:00:00.000000', '2007-09-05', 'Roxane Jenicek', 1995, 'a8f73bc8-d6d9-40d9-8a2d-5807c01dbba8.jpg', 'WV67TX1D', 2, '2022-03-10 00:00:00.000000', 5),
	(121, 'gdrynan3c', 1996, '6705 Gateway Pass', '2022-03-10 00:00:00.000000', '2009-08-12', 'Gaynor Drynan', 2008, '857669c2-0c68-43c1-9049-4576d9649197.jpg', 'Mpv9ZwF', 3, '2022-03-10 00:00:00.000000', 10),
	(122, 'trowlson3d', 2009, '0157 Dwight Lane', '2022-03-10 00:00:00.000000', '2009-10-24', 'Trip Rowlson', 2009, 'ba2e10bd-07d9-4f20-b775-e49f790c689b.jpg', '0RM9UkNUv', 1, '2022-03-10 00:00:00.000000', 3),
	(123, 'hellson3e', 1985, '0 Merry Circle', '2022-03-10 00:00:00.000000', '2009-01-27', 'Harriott Ellson', 1998, 'c465e4c5-7c72-49a8-bf7b-dbb16ad1303c.jpg', '3h8m27AiQQ', 1, '2022-03-10 00:00:00.000000', 8),
	(124, 'ccardenoza3f', 2006, '37 Doe Crossing Circle', '2022-03-10 00:00:00.000000', '2008-05-24', 'Carmela Cardenoza', 1996, 'df837bb7-4e16-47f1-8fa4-d91e7ab49227.jpg', 'QgLAvS', 3, '2022-03-10 00:00:00.000000', 11),
	(125, 'hkirmond3g', 1989, '98722 Morning Plaza', '2022-03-10 00:00:00.000000', '2007-04-15', 'Hamlen Kirmond', 1998, 'a8f73bc8-d6d9-40d9-8a2d-5807c01dbba8.jpg', 'vrkP6GEP', 2, '2022-03-10 00:00:00.000000', 5),
	(126, 'biacivelli3h', 2006, '27 Grim Road', '2022-03-10 00:00:00.000000', '2007-04-16', 'Brunhilde Iacivelli', 2003, '857669c2-0c68-43c1-9049-4576d9649197.jpg', 'kEcS60bQyqB', 1, '2022-03-10 00:00:00.000000', 11),
	(127, 'fbrydone3i', 2003, '5 Mccormick Point', '2022-03-10 00:00:00.000000', '2007-10-27', 'Freida Brydone', 2007, 'ba2e10bd-07d9-4f20-b775-e49f790c689b.jpg', 'qVl0EoptPa', 2, '2022-03-10 00:00:00.000000', 6),
	(128, 'ygibbe3j', 2000, '51432 Lake View Junction', '2022-03-10 00:00:00.000000', '2010-01-05', 'Yasmeen Gibbe', 1996, 'c465e4c5-7c72-49a8-bf7b-dbb16ad1303c.jpg', '5u3VhHodQuGg', 1, '2022-03-10 00:00:00.000000', 1),
	(129, 'nnormanton3k', 1996, '19 Cascade Avenue', '2022-03-10 00:00:00.000000', '2008-01-05', 'Northrup Normanton', 1991, 'df837bb7-4e16-47f1-8fa4-d91e7ab49227.jpg', 'FiZdUdb', 3, '2022-03-10 00:00:00.000000', 9),
	(130, 'ssutehall3l', 2012, '15519 Ridgeway Drive', '2022-03-10 00:00:00.000000', '2008-02-11', 'Shandee Sutehall', 2007, 'a8f73bc8-d6d9-40d9-8a2d-5807c01dbba8.jpg', 'e3KvuSb2ZQdg', 1, '2022-03-10 00:00:00.000000', 12),
	(131, 'fdericut3m', 1998, '61154 Bluejay Plaza', '2022-03-10 00:00:00.000000', '2010-01-07', 'Freddi Dericut', 1996, '857669c2-0c68-43c1-9049-4576d9649197.jpg', 'K7W3O4ng5td6', 3, '2022-03-10 00:00:00.000000', 3),
	(132, 'wwebborn3n', 2001, '4820 Crescent Oaks Hill', '2022-03-10 00:00:00.000000', '2009-02-26', 'Willie Webborn', 2008, 'ba2e10bd-07d9-4f20-b775-e49f790c689b.jpg', 'kWJ9H6', 2, '2022-03-10 00:00:00.000000', 6),
	(133, 'mmccrackan3o', 2003, '41043 Mockingbird Park', '2022-03-10 00:00:00.000000', '2009-10-11', 'Megan McCrackan', 1988, 'c465e4c5-7c72-49a8-bf7b-dbb16ad1303c.jpg', 'a6uX9kT', 2, '2022-03-10 00:00:00.000000', 7),
	(134, 'gdreye3p', 1989, '88789 Namekagon Lane', '2022-03-10 00:00:00.000000', '2008-04-25', 'Gerrilee Dreye', 1996, 'df837bb7-4e16-47f1-8fa4-d91e7ab49227.jpg', 'AXtjX5HQZqp0', 3, '2022-03-10 00:00:00.000000', 1),
	(135, 'lburfoot3q', 2004, '49583 Burning Wood Park', '2022-03-10 00:00:00.000000', '2007-10-10', 'Leora Burfoot', 1996, 'a8f73bc8-d6d9-40d9-8a2d-5807c01dbba8.jpg', 'uSdI4V', 2, '2022-03-10 00:00:00.000000', 9),
	(136, 'knehlsen3r', 2001, '9 Hayes Street', '2022-03-10 00:00:00.000000', '2008-05-19', 'Kiley Nehlsen', 1992, '857669c2-0c68-43c1-9049-4576d9649197.jpg', 'qhOFt4A6ik', 2, '2022-03-10 00:00:00.000000', 8),
	(137, 'shauch3s', 1992, '3087 Weeping Birch Way', '2022-03-10 00:00:00.000000', '2007-05-28', 'Skippy Hauch', 1997, 'ba2e10bd-07d9-4f20-b775-e49f790c689b.jpg', 'kHviPlsh', 3, '2022-03-10 00:00:00.000000', 11),
	(138, 'nclifford3t', 1995, '803 Lakewood Gardens Park', '2022-03-10 00:00:00.000000', '2009-03-01', 'Nickie Clifford', 1992, 'c465e4c5-7c72-49a8-bf7b-dbb16ad1303c.jpg', 'lnwUp2wHW', 3, '2022-03-10 00:00:00.000000', 9),
	(139, 'ade3u', 1993, '9 Lakewood Gardens Avenue', '2022-03-10 00:00:00.000000', '2010-02-23', 'Arel De Vaux', 1987, 'df837bb7-4e16-47f1-8fa4-d91e7ab49227.jpg', 'zreOdzfBxN1D', 2, '2022-03-10 00:00:00.000000', 5),
	(140, 'mconnell3v', 1997, '11643 Ilene Hill', '2022-03-10 00:00:00.000000', '2009-01-18', 'Malanie Connell', 1995, 'a8f73bc8-d6d9-40d9-8a2d-5807c01dbba8.jpg', 'qprGyAqG', 3, '2022-03-10 00:00:00.000000', 7),
	(141, 'gklimus3w', 2008, '768 Maple Trail', '2022-03-10 00:00:00.000000', '2007-09-06', 'George Klimus', 2006, '857669c2-0c68-43c1-9049-4576d9649197.jpg', 'UHuI7TUOTj', 2, '2022-03-10 00:00:00.000000', 7),
	(142, 'bcardenosa3x', 2005, '8 Farwell Terrace', '2022-03-10 00:00:00.000000', '2008-09-04', 'Bordy Cardenosa', 2004, 'ba2e10bd-07d9-4f20-b775-e49f790c689b.jpg', 'kJPPKhc', 1, '2022-03-10 00:00:00.000000', 6),
	(143, 'mhawkwood3y', 2002, '3516 Hooker Drive', '2022-03-10 00:00:00.000000', '2009-07-28', 'Michel Hawkwood', 2002, 'c465e4c5-7c72-49a8-bf7b-dbb16ad1303c.jpg', 'fNtQC0C', 1, '2022-03-10 00:00:00.000000', 9),
	(144, 'fmcinnes3z', 1990, '40 Nova Circle', '2022-03-10 00:00:00.000000', '2009-12-12', 'Foster McInnes', 1997, 'df837bb7-4e16-47f1-8fa4-d91e7ab49227.jpg', '4nknrngD', 2, '2022-03-10 00:00:00.000000', 7),
	(145, 'rsirkett40', 2011, '802 Sycamore Plaza', '2022-03-10 00:00:00.000000', '2008-12-14', 'Raviv Sirkett', 2002, 'a8f73bc8-d6d9-40d9-8a2d-5807c01dbba8.jpg', 'vqxglemQSTW', 2, '2022-03-10 00:00:00.000000', 8),
	(146, 'ggillani41', 2013, '2 Grayhawk Terrace', '2022-03-10 00:00:00.000000', '2009-06-27', 'Georgina Gillani', 1989, '857669c2-0c68-43c1-9049-4576d9649197.jpg', 'jqC57phuY', 2, '2022-03-10 00:00:00.000000', 3),
	(147, 'rgandey42', 2010, '71 Dorton Hill', '2022-03-10 00:00:00.000000', '2009-08-21', 'Reinhold Gandey', 1997, 'ba2e10bd-07d9-4f20-b775-e49f790c689b.jpg', 'JEeiIoRC', 1, '2022-03-10 00:00:00.000000', 12),
	(148, 'fleer43', 1987, '2247 Merry Junction', '2022-03-10 00:00:00.000000', '2007-04-01', 'Frasier Leer', 2006, 'c465e4c5-7c72-49a8-bf7b-dbb16ad1303c.jpg', 'ZTa4AfO61P', 3, '2022-03-10 00:00:00.000000', 3),
	(149, 'tpietzke44', 2001, '02 Stone Corner Lane', '2022-03-10 00:00:00.000000', '2008-04-30', 'Thoma Pietzke', 2003, 'df837bb7-4e16-47f1-8fa4-d91e7ab49227.jpg', 'T86A4FfDW97', 2, '2022-03-10 00:00:00.000000', 2),
	(150, 'rwhooley45', 1997, '42 Vernon Crossing', '2022-03-10 00:00:00.000000', '2009-08-10', 'Rowe Whooley', 2009, 'a8f73bc8-d6d9-40d9-8a2d-5807c01dbba8.jpg', 'E5WJZSqKb', 1, '2022-03-10 00:00:00.000000', 8),
	(151, 'pmanach46', 2002, '21 Meadow Vale Plaza', '2022-03-10 00:00:00.000000', '2009-05-28', 'Paola Manach', 2006, '857669c2-0c68-43c1-9049-4576d9649197.jpg', 'QAwrkrG4', 2, '2022-03-10 00:00:00.000000', 8),
	(152, 'aevenett47', 2006, '02899 Schiller Court', '2022-03-10 00:00:00.000000', '2009-03-10', 'Angeli Evenett', 2001, 'ba2e10bd-07d9-4f20-b775-e49f790c689b.jpg', 'QHzqNJX', 2, '2022-03-10 00:00:00.000000', 12),
	(153, 'hnassi48', 2005, '05 Lerdahl Avenue', '2022-03-10 00:00:00.000000', '2009-02-25', 'Hank Nassi', 2004, 'c465e4c5-7c72-49a8-bf7b-dbb16ad1303c.jpg', 'zdzZOq', 1, '2022-03-10 00:00:00.000000', 4),
	(154, 'emibourne49', 2010, '70 Dakota Crossing', '2022-03-10 00:00:00.000000', '2010-02-24', 'Elvira Mibourne', 1987, 'df837bb7-4e16-47f1-8fa4-d91e7ab49227.jpg', 'gCzRgqaAMlHy', 1, '2022-03-10 00:00:00.000000', 7),
	(155, 'jkleinhausen4a', 1997, '482 Paget Avenue', '2022-03-10 00:00:00.000000', '2009-02-14', 'Johny Kleinhausen', 2001, 'a8f73bc8-d6d9-40d9-8a2d-5807c01dbba8.jpg', 'GIEOgfrMl', 2, '2022-03-10 00:00:00.000000', 12),
	(156, 'cgirvan4b', 2011, '64388 Tennyson Street', '2022-03-10 00:00:00.000000', '2008-11-29', 'Cicely Girvan', 1988, '857669c2-0c68-43c1-9049-4576d9649197.jpg', 'vLmu3r5', 2, '2022-03-10 00:00:00.000000', 7),
	(157, 'ddyball4c', 2005, '23019 Ridgeview Avenue', '2022-03-10 00:00:00.000000', '2008-08-08', 'Daphene Dyball', 1996, 'ba2e10bd-07d9-4f20-b775-e49f790c689b.jpg', 'dPertj', 2, '2022-03-10 00:00:00.000000', 11),
	(158, 'tbockman4d', 2010, '701 Truax Plaza', '2022-03-10 00:00:00.000000', '2009-12-22', 'Tamarra Bockman', 2006, 'c465e4c5-7c72-49a8-bf7b-dbb16ad1303c.jpg', 'mNX8RoC', 2, '2022-03-10 00:00:00.000000', 7),
	(159, 'mwoof4e', 1995, '83866 Bultman Park', '2022-03-10 00:00:00.000000', '2008-08-12', 'Minna Woof', 1984, 'df837bb7-4e16-47f1-8fa4-d91e7ab49227.jpg', 'R160aaq', 3, '2022-03-10 00:00:00.000000', 1),
	(160, 'gepinay4f', 1998, '20 Raven Pass', '2022-03-10 00:00:00.000000', '2009-05-12', 'Garner Epinay', 2000, 'a8f73bc8-d6d9-40d9-8a2d-5807c01dbba8.jpg', 'tt8qtoB0B', 3, '2022-03-10 00:00:00.000000', 7),
	(161, 'jbathurst4g', 2011, '70030 Gerald Junction', '2022-03-10 00:00:00.000000', '2010-02-11', 'Joshuah Bathurst', 2004, '857669c2-0c68-43c1-9049-4576d9649197.jpg', 'aTIZUhprHB4', 2, '2022-03-10 00:00:00.000000', 1),
	(162, 'kjorin4h', 1993, '4398 Weeping Birch Terrace', '2022-03-10 00:00:00.000000', '2008-06-06', 'Karyn Jorin', 1973, 'ba2e10bd-07d9-4f20-b775-e49f790c689b.jpg', 'y2HHp5roqJ4', 3, '2022-03-10 00:00:00.000000', 7),
	(163, 'rtorr4i', 1965, '805 Pond Center', '2022-03-10 00:00:00.000000', '2009-08-17', 'Ransell Torr', 1987, 'c465e4c5-7c72-49a8-bf7b-dbb16ad1303c.jpg', '55pR0piWR', 3, '2022-03-10 00:00:00.000000', 5),
	(164, 'ccamble4j', 1999, '33 Manley Trail', '2022-03-10 00:00:00.000000', '2008-05-15', 'Cati Camble', 2006, 'df837bb7-4e16-47f1-8fa4-d91e7ab49227.jpg', 'H9ujA7i4', 3, '2022-03-10 00:00:00.000000', 11),
	(165, 'cthoday4k', 2002, '5 Lukken Terrace', '2022-03-10 00:00:00.000000', '2007-10-30', 'Colby Thoday', 2002, 'a8f73bc8-d6d9-40d9-8a2d-5807c01dbba8.jpg', 'M4vtgF', 1, '2022-03-10 00:00:00.000000', 11),
	(166, 'cmaestrini4l', 2009, '82646 North Court', '2022-03-10 00:00:00.000000', '2009-07-25', 'Charita Maestrini', 2008, '857669c2-0c68-43c1-9049-4576d9649197.jpg', 'TvUe4dk7', 3, '2022-03-10 00:00:00.000000', 11),
	(167, 'jfearby4m', 2012, '44717 John Wall Road', '2022-03-10 00:00:00.000000', '2009-09-26', 'Jimmie Fearby', 1989, 'ba2e10bd-07d9-4f20-b775-e49f790c689b.jpg', 'lrTLXuK4bbVn', 1, '2022-03-10 00:00:00.000000', 4),
	(168, 'lrodge4n', 1988, '81 Calypso Alley', '2022-03-10 00:00:00.000000', '2008-03-17', 'Letta Rodge', 1989, 'c465e4c5-7c72-49a8-bf7b-dbb16ad1303c.jpg', 'vSqkULzrYFxA', 2, '2022-03-10 00:00:00.000000', 3),
	(169, 'jhagston4o', 2002, '152 Harbort Circle', '2022-03-10 00:00:00.000000', '2009-12-02', 'Jasper Hagston', 2001, 'df837bb7-4e16-47f1-8fa4-d91e7ab49227.jpg', 'BVK2vI', 3, '2022-03-10 00:00:00.000000', 1),
	(170, 'ejouaneton4p', 1997, '3 Mallory Crossing', '2022-03-10 00:00:00.000000', '2007-03-15', 'Eleanor Jouaneton', 2012, 'a8f73bc8-d6d9-40d9-8a2d-5807c01dbba8.jpg', 'rDjxsa7', 3, '2022-03-10 00:00:00.000000', 9),
	(171, 'nthomazin4q', 2009, '298 Macpherson Place', '2022-03-10 00:00:00.000000', '2008-01-23', 'Nye Thomazin', 2007, '857669c2-0c68-43c1-9049-4576d9649197.jpg', 'qkJ8VZ5MeXX', 1, '2022-03-10 00:00:00.000000', 7),
	(172, 'vcornelis4r', 2012, '09 Linden Parkway', '2022-03-10 00:00:00.000000', '2007-10-30', 'Vicki Cornelis', 2006, 'ba2e10bd-07d9-4f20-b775-e49f790c689b.jpg', 'zSNg2fgs', 3, '2022-03-10 00:00:00.000000', 7),
	(173, 'credmond4s', 2008, '7363 Kings Park', '2022-03-10 00:00:00.000000', '2009-01-14', 'Correy Redmond', 2005, 'c465e4c5-7c72-49a8-bf7b-dbb16ad1303c.jpg', '9SqetghY78', 3, '2022-03-10 00:00:00.000000', 5),
	(174, 'agheorghie4t', 1992, '49317 Fallview Terrace', '2022-03-10 00:00:00.000000', '2008-04-09', 'Arin Gheorghie', 1986, 'df837bb7-4e16-47f1-8fa4-d91e7ab49227.jpg', '5zwJJifn', 3, '2022-03-10 00:00:00.000000', 6),
	(175, 'ggladwin4u', 2006, '853 Artisan Way', '2022-03-10 00:00:00.000000', '2008-02-15', 'Gene Gladwin', 2007, 'a8f73bc8-d6d9-40d9-8a2d-5807c01dbba8.jpg', 'eODOjMr', 2, '2022-03-10 00:00:00.000000', 3),
	(176, 'aflaverty4v', 1977, '64 Doe Crossing Court', '2022-03-10 00:00:00.000000', '2008-07-08', 'Aldis Flaverty', 1997, '857669c2-0c68-43c1-9049-4576d9649197.jpg', 'mAwkXR', 3, '2022-03-10 00:00:00.000000', 9),
	(177, 'ldulton4w', 2006, '76 Blaine Lane', '2022-03-10 00:00:00.000000', '2008-01-17', 'Lurline Dulton', 2006, 'ba2e10bd-07d9-4f20-b775-e49f790c689b.jpg', 'TlzftiEI', 1, '2022-03-10 00:00:00.000000', 4),
	(178, 'npickthorn4x', 2006, '397 Warbler Junction', '2022-03-10 00:00:00.000000', '2009-02-10', 'Nikolaos Pickthorn', 1997, 'c465e4c5-7c72-49a8-bf7b-dbb16ad1303c.jpg', 'W5a82pp', 3, '2022-03-10 00:00:00.000000', 8),
	(179, 'tberntsson4y', 2006, '8826 Prairieview Court', '2022-03-10 00:00:00.000000', '2007-10-06', 'Tamra Berntsson', 2000, 'df837bb7-4e16-47f1-8fa4-d91e7ab49227.jpg', 'yAFvPXs5Ze', 2, '2022-03-10 00:00:00.000000', 11),
	(180, 'alamberti4z', 2005, '5185 Roth Plaza', '2022-03-10 00:00:00.000000', '2008-08-19', 'Abbie Lamberti', 2003, 'a8f73bc8-d6d9-40d9-8a2d-5807c01dbba8.jpg', '3ECUkWGuP', 3, '2022-03-10 00:00:00.000000', 12),
	(181, 'bharwood50', 2006, '2 Spohn Way', '2022-03-10 00:00:00.000000', '2008-02-08', 'Barn Harwood', 2005, '857669c2-0c68-43c1-9049-4576d9649197.jpg', 'b9BRyrPl9', 2, '2022-03-10 00:00:00.000000', 4),
	(182, 'jgoschalk51', 2005, '0818 Logan Terrace', '2022-03-10 00:00:00.000000', '2008-12-28', 'Jeffie Goschalk', 1994, 'ba2e10bd-07d9-4f20-b775-e49f790c689b.jpg', 'Z0PYhDoCg', 2, '2022-03-10 00:00:00.000000', 8),
	(183, 'dhutchcraft52', 1992, '92994 Corben Center', '2022-03-10 00:00:00.000000', '2008-05-31', 'Donny Hutchcraft', 2006, 'c465e4c5-7c72-49a8-bf7b-dbb16ad1303c.jpg', 'NVo9pM', 2, '2022-03-10 00:00:00.000000', 9),
	(184, 'sthunderman53', 2005, '2 Cordelia Avenue', '2022-03-10 00:00:00.000000', '2009-11-17', 'Sergio Thunderman', 2012, 'df837bb7-4e16-47f1-8fa4-d91e7ab49227.jpg', 'wvYM1XC9yG1', 3, '2022-03-10 00:00:00.000000', 6),
	(185, 'cbransden54', 1999, '506 Colorado Trail', '2022-03-10 00:00:00.000000', '2009-11-17', 'Coralyn Bransden', 1993, 'a8f73bc8-d6d9-40d9-8a2d-5807c01dbba8.jpg', 'KElHKYlLZ4F', 3, '2022-03-10 00:00:00.000000', 2),
	(186, 'aambrogioni55', 1997, '8 Coleman Drive', '2022-03-10 00:00:00.000000', '2009-12-22', 'Aurelia Ambrogioni', 2002, '857669c2-0c68-43c1-9049-4576d9649197.jpg', 'LQNPZUNO', 3, '2022-03-10 00:00:00.000000', 7),
	(187, 'usmallshaw56', 2008, '0771 International Hill', '2022-03-10 00:00:00.000000', '2008-08-03', 'Upton Smallshaw', 2012, 'ba2e10bd-07d9-4f20-b775-e49f790c689b.jpg', 'QjunmIhNO3', 2, '2022-03-10 00:00:00.000000', 2),
	(188, 'lgerault57', 1999, '23815 Rusk Avenue', '2022-03-10 00:00:00.000000', '2007-09-28', 'Lilas Gerault', 1985, 'c465e4c5-7c72-49a8-bf7b-dbb16ad1303c.jpg', '3IKVmP6gbH3p', 3, '2022-03-10 00:00:00.000000', 1),
	(189, 'ncolloby58', 2000, '4111 Monument Terrace', '2022-03-10 00:00:00.000000', '2008-04-12', 'Nollie Colloby', 2010, 'df837bb7-4e16-47f1-8fa4-d91e7ab49227.jpg', 'zZF8n5', 2, '2022-03-10 00:00:00.000000', 9),
	(190, 'sperico59', 2007, '8 Texas Place', '2022-03-10 00:00:00.000000', '2007-05-29', 'Sibilla Perico', 2007, 'a8f73bc8-d6d9-40d9-8a2d-5807c01dbba8.jpg', 'ovNPnHu', 3, '2022-03-10 00:00:00.000000', 4),
	(191, 'lkelwick5a', 2012, '95216 Linden Park', '2022-03-10 00:00:00.000000', '2009-07-16', 'Lyndsay Kelwick', 1990, '857669c2-0c68-43c1-9049-4576d9649197.jpg', 'N9z9eUzL2', 3, '2022-03-10 00:00:00.000000', 2),
	(192, 'rtender5b', 2005, '92533 Bonner Park', '2022-03-10 00:00:00.000000', '2009-02-18', 'Raimund Tender', 2010, 'ba2e10bd-07d9-4f20-b775-e49f790c689b.jpg', 'xxFPM4xyUD', 3, '2022-03-10 00:00:00.000000', 6),
	(193, 'fsemorad5c', 2012, '9332 Knutson Avenue', '2022-03-10 00:00:00.000000', '2007-04-21', 'Fancie Semorad', 1993, 'c465e4c5-7c72-49a8-bf7b-dbb16ad1303c.jpg', 'pQGO13WjEg', 3, '2022-03-10 00:00:00.000000', 3),
	(194, 'eondracek5d', 1993, '4 Spenser Plaza', '2022-03-10 00:00:00.000000', '2010-02-10', 'Erminia Ondracek', 2012, 'df837bb7-4e16-47f1-8fa4-d91e7ab49227.jpg', 'CuY8y71', 3, '2022-03-10 00:00:00.000000', 8),
	(195, 'rambresin5e', 1995, '22 Melvin Crossing', '2022-03-10 00:00:00.000000', '2007-04-04', 'Reese Ambresin', 2000, 'a8f73bc8-d6d9-40d9-8a2d-5807c01dbba8.jpg', 'qPCP5pFqa', 1, '2022-03-10 00:00:00.000000', 8),
	(196, 'gcheel5f', 1999, '6 Hansons Hill', '2022-03-10 00:00:00.000000', '2008-12-14', 'Gene Cheel', 2011, '857669c2-0c68-43c1-9049-4576d9649197.jpg', '3twUBh', 2, '2022-03-10 00:00:00.000000', 1),
	(197, 'hkirwin5g', 2009, '3 Ramsey Center', '2022-03-10 00:00:00.000000', '2007-04-17', 'Harper Kirwin', 1994, 'ba2e10bd-07d9-4f20-b775-e49f790c689b.jpg', '3JiKfrCT', 2, '2022-03-10 00:00:00.000000', 6),
	(198, 'scluff5h', 1992, '1504 Westend Center', '2022-03-10 00:00:00.000000', '2007-09-29', 'Sampson Cluff', 1996, 'c465e4c5-7c72-49a8-bf7b-dbb16ad1303c.jpg', 'Do0R4kBYBI', 3, '2022-03-10 00:00:00.000000', 6),
	(199, 'mofogerty5i', 1995, '8740 Valley Edge Junction', '2022-03-10 00:00:00.000000', '2009-07-29', 'Marlon O\'Fogerty', 1995, 'df837bb7-4e16-47f1-8fa4-d91e7ab49227.jpg', 'Lg2BAL9i', 3, '2022-03-10 00:00:00.000000', 5),
	(200, 'dairdrie5j', 1994, '31 Randy Plaza', '2022-03-10 00:00:00.000000', '2010-01-22', 'Daven Airdrie', 2009, 'a8f73bc8-d6d9-40d9-8a2d-5807c01dbba8.jpg', 'ptdTne', 1, '2022-03-10 00:00:00.000000', 11),
	(201, 'meastby5k', 2009, '66 Troy Drive', '2022-03-10 00:00:00.000000', '2009-03-24', 'Matelda Eastby', 2009, '857669c2-0c68-43c1-9049-4576d9649197.jpg', 'JXqEBfdV', 3, '2022-03-10 00:00:00.000000', 5),
	(202, 'dedwardson5l', 2001, '64740 Del Mar Road', '2022-03-10 00:00:00.000000', '2009-06-09', 'Debora Edwardson', 1994, 'ba2e10bd-07d9-4f20-b775-e49f790c689b.jpg', 'OPDLAJs9gc', 2, '2022-03-10 00:00:00.000000', 8),
	(203, 'iitscowics5m', 1984, '07942 Dawn Terrace', '2022-03-10 00:00:00.000000', '2009-01-07', 'Iona Itscowics', 1991, 'c465e4c5-7c72-49a8-bf7b-dbb16ad1303c.jpg', 'EVdvNVKAkjN', 3, '2022-03-10 00:00:00.000000', 9),
	(204, 'lgloy5n', 2001, '106 Heffernan Way', '2022-03-10 00:00:00.000000', '2009-08-30', 'Lorianna Gloy', 2011, 'df837bb7-4e16-47f1-8fa4-d91e7ab49227.jpg', 'pArBNkm38d', 1, '2022-03-10 00:00:00.000000', 3),
	(205, 'msanper5o', 2003, '815 Carioca Lane', '2022-03-10 00:00:00.000000', '2007-12-30', 'Maryanna Sanper', 2010, 'a8f73bc8-d6d9-40d9-8a2d-5807c01dbba8.jpg', 'Mf0udLs1I', 3, '2022-03-10 00:00:00.000000', 6),
	(206, 'jhanstock5p', 2009, '53 Fisk Court', '2022-03-10 00:00:00.000000', '2009-02-12', 'Joli Hanstock', 1998, '857669c2-0c68-43c1-9049-4576d9649197.jpg', 'HVbApgj', 1, '2022-03-10 00:00:00.000000', 5),
	(207, 'jpook5q', 1989, '21460 West Street', '2022-03-10 00:00:00.000000', '2009-07-29', 'Jasmin Pook', 1995, 'ba2e10bd-07d9-4f20-b775-e49f790c689b.jpg', '4ubpQ4bCdrn', 2, '2022-03-10 00:00:00.000000', 5),
	(208, 'cdevonald5r', 2000, '41910 La Follette Road', '2022-03-10 00:00:00.000000', '2009-10-24', 'Cindi Devonald', 2012, 'c465e4c5-7c72-49a8-bf7b-dbb16ad1303c.jpg', 'o0lIBtIu', 2, '2022-03-10 00:00:00.000000', 7),
	(209, 'sscipsey5s', 2006, '29930 Prairie Rose Avenue', '2022-03-10 00:00:00.000000', '2009-05-08', 'Salomon Scipsey', 1998, 'df837bb7-4e16-47f1-8fa4-d91e7ab49227.jpg', 'uDOu0k9', 3, '2022-03-10 00:00:00.000000', 1),
	(210, 'vollarenshaw5t', 2012, '46 Rieder Way', '2022-03-10 00:00:00.000000', '2009-11-22', 'Valenka Ollarenshaw', 2011, 'a8f73bc8-d6d9-40d9-8a2d-5807c01dbba8.jpg', 'q8eQX6DE5VO', 3, '2022-03-10 00:00:00.000000', 8),
	(211, 'mclowton5u', 2003, '0 Montana Center', '2022-03-10 00:00:00.000000', '2007-08-22', 'Marjorie Clowton', 2011, '857669c2-0c68-43c1-9049-4576d9649197.jpg', '6DVZwQ1rCpGq', 3, '2022-03-10 00:00:00.000000', 8),
	(212, 'gstanworth5v', 1985, '9 Pine View Court', '2022-03-10 00:00:00.000000', '2009-05-05', 'Guinevere Stanworth', 1993, 'ba2e10bd-07d9-4f20-b775-e49f790c689b.jpg', 'jeXfJKMQQn9', 1, '2022-03-10 00:00:00.000000', 6),
	(213, 'sbagster5w', 2001, '6475 Towne Street', '2022-03-10 00:00:00.000000', '2009-06-13', 'Scarface Bagster', 2009, 'c465e4c5-7c72-49a8-bf7b-dbb16ad1303c.jpg', '3XfeLk2gnL', 1, '2022-03-10 00:00:00.000000', 8),
	(214, 'iteasey5x', 2009, '8656 Debs Street', '2022-03-10 00:00:00.000000', '2009-10-03', 'Irvin Teasey', 2002, 'df837bb7-4e16-47f1-8fa4-d91e7ab49227.jpg', '9IM41eipM', 2, '2022-03-10 00:00:00.000000', 6),
	(215, 'gmousby5y', 2004, '056 Lighthouse Bay Avenue', '2022-03-10 00:00:00.000000', '2007-07-18', 'Garret Mousby', 2012, 'a8f73bc8-d6d9-40d9-8a2d-5807c01dbba8.jpg', '6IGKwy', 2, '2022-03-10 00:00:00.000000', 5),
	(216, 'cronchi5z', 2007, '5945 Meadow Ridge Drive', '2022-03-10 00:00:00.000000', '2007-11-16', 'Carmen Ronchi', 2012, '857669c2-0c68-43c1-9049-4576d9649197.jpg', '0VHSEB0W', 3, '2022-03-10 00:00:00.000000', 4),
	(217, 'ustooke60', 2006, '19669 Oneill Alley', '2022-03-10 00:00:00.000000', '2009-04-03', 'Ursala Stooke', 2001, 'ba2e10bd-07d9-4f20-b775-e49f790c689b.jpg', '4lpQS3Xj1h', 3, '2022-03-10 00:00:00.000000', 7),
	(218, 'nparlour61', 2005, '49 Sugar Road', '2022-03-10 00:00:00.000000', '2007-10-17', 'Nara Parlour', 2009, 'c465e4c5-7c72-49a8-bf7b-dbb16ad1303c.jpg', 'l5GVEPB', 1, '2022-03-10 00:00:00.000000', 1),
	(219, 'spowe62', 2005, '68 Victoria Lane', '2022-03-10 00:00:00.000000', '2007-10-18', 'Sibbie Powe', 2008, 'df837bb7-4e16-47f1-8fa4-d91e7ab49227.jpg', 'iYys4ZgFDIol', 2, '2022-03-10 00:00:00.000000', 6),
	(220, 'llewins63', 2010, '81274 Johnson Center', '2022-03-10 00:00:00.000000', '2007-12-28', 'Lambert Lewins', 2010, 'a8f73bc8-d6d9-40d9-8a2d-5807c01dbba8.jpg', 'ZbMORrtqs', 3, '2022-03-10 00:00:00.000000', 2),
	(221, 'qwinsbury64', 1993, '149 Cascade Court', '2022-03-10 00:00:00.000000', '2008-10-29', 'Quent Winsbury', 2011, '857669c2-0c68-43c1-9049-4576d9649197.jpg', 'BN6LitRtdqLG', 3, '2022-03-10 00:00:00.000000', 12),
	(222, 'tsaintpierre65', 2009, '01 Ridgeview Way', '2022-03-10 00:00:00.000000', '2008-01-08', 'Thain Saintpierre', 2003, 'ba2e10bd-07d9-4f20-b775-e49f790c689b.jpg', 'gYARNbOvioIX', 1, '2022-03-10 00:00:00.000000', 6),
	(223, 'miacomini66', 2005, '240 Kropf Circle', '2022-03-10 00:00:00.000000', '2010-02-16', 'Mureil Iacomini', 2001, 'c465e4c5-7c72-49a8-bf7b-dbb16ad1303c.jpg', 'PpGp0OsVdd', 1, '2022-03-10 00:00:00.000000', 2),
	(224, 'cfewings67', 1992, '58221 Old Shore Street', '2022-03-10 00:00:00.000000', '2008-08-18', 'Chet Fewings', 2008, 'df837bb7-4e16-47f1-8fa4-d91e7ab49227.jpg', 'davsTA', 3, '2022-03-10 00:00:00.000000', 1),
	(225, 'nfleckney68', 2006, '4783 Arrowood Hill', '2022-03-10 00:00:00.000000', '2009-04-28', 'Nerty Fleckney', 1992, 'a8f73bc8-d6d9-40d9-8a2d-5807c01dbba8.jpg', 'LsBgvU', 2, '2022-03-10 00:00:00.000000', 9),
	(226, 'fofford69', 1993, '7721 Golden Leaf Lane', '2022-03-10 00:00:00.000000', '2008-06-11', 'Ferrell Offord', 1987, '857669c2-0c68-43c1-9049-4576d9649197.jpg', 'cBnrChxbE', 2, '2022-03-10 00:00:00.000000', 10),
	(227, 'jcolling6a', 2007, '847 Fieldstone Park', '2022-03-10 00:00:00.000000', '2007-06-12', 'Jena Colling', 1985, 'ba2e10bd-07d9-4f20-b775-e49f790c689b.jpg', 'HE7klauH7A2', 1, '2022-03-10 00:00:00.000000', 11),
	(228, 'lbrok6b', 1983, '36 Stone Corner Place', '2022-03-10 00:00:00.000000', '2010-01-14', 'Lenette Brok', 2010, 'c465e4c5-7c72-49a8-bf7b-dbb16ad1303c.jpg', 'DbMmBBpA', 1, '2022-03-10 00:00:00.000000', 2),
	(229, 'dbonifazio6c', 2012, '9 Autumn Leaf Lane', '2022-03-10 00:00:00.000000', '2009-12-08', 'Derrick Bonifazio', 1989, 'df837bb7-4e16-47f1-8fa4-d91e7ab49227.jpg', 'RrqRWypDv', 2, '2022-03-10 00:00:00.000000', 3),
	(230, 'molexa6d', 2012, '257 Debs Trail', '2022-03-10 00:00:00.000000', '2007-11-14', 'Margaret Olexa', 1948, 'a8f73bc8-d6d9-40d9-8a2d-5807c01dbba8.jpg', 'mYP8nK27D7mF', 2, '2022-03-10 00:00:00.000000', 8),
	(231, 'rmacguiness6e', 2009, '75 Claremont Crossing', '2022-03-10 00:00:00.000000', '2008-11-11', 'Raff MacGuiness', 2010, '857669c2-0c68-43c1-9049-4576d9649197.jpg', 'YSjKy4sVJX8L', 2, '2022-03-10 00:00:00.000000', 4),
	(232, 'svarah6f', 2007, '267 Monument Avenue', '2022-03-10 00:00:00.000000', '2008-07-24', 'Starlene Varah', 2011, 'ba2e10bd-07d9-4f20-b775-e49f790c689b.jpg', 'jfSNxL', 1, '2022-03-10 00:00:00.000000', 2),
	(233, 'agoulding6g', 1990, '932 Glendale Road', '2022-03-10 00:00:00.000000', '2009-03-27', 'Aurilia Goulding', 2006, 'c465e4c5-7c72-49a8-bf7b-dbb16ad1303c.jpg', 'ymLc3aTu4j', 2, '2022-03-10 00:00:00.000000', 11),
	(234, 'fsalkeld6h', 2008, '4 Esker Junction', '2022-03-10 00:00:00.000000', '2009-05-15', 'Frances Salkeld', 1993, 'df837bb7-4e16-47f1-8fa4-d91e7ab49227.jpg', 'OAb7Jg', 3, '2022-03-10 00:00:00.000000', 9),
	(235, 'bgoman6i', 1997, '82554 Killdeer Lane', '2022-03-10 00:00:00.000000', '2009-04-02', 'Bogart Goman', 2007, 'a8f73bc8-d6d9-40d9-8a2d-5807c01dbba8.jpg', 'evLujqoTm1', 1, '2022-03-10 00:00:00.000000', 12),
	(236, 'sbernon6j', 1991, '23 Lien Park', '2022-03-10 00:00:00.000000', '2010-01-12', 'Sigismundo Bernon', 2000, '857669c2-0c68-43c1-9049-4576d9649197.jpg', 'PqfqGGhkXW1k', 3, '2022-03-10 00:00:00.000000', 2),
	(237, 'nmatterface6k', 1997, '8331 Mosinee Pass', '2022-03-10 00:00:00.000000', '2009-05-15', 'Noel Matterface', 2008, 'ba2e10bd-07d9-4f20-b775-e49f790c689b.jpg', '2VAhzOuHewu', 3, '2022-03-10 00:00:00.000000', 6),
	(238, 'lcase6l', 2002, '6 Browning Trail', '2022-03-10 00:00:00.000000', '2009-12-01', 'Laird Case', 2007, 'c465e4c5-7c72-49a8-bf7b-dbb16ad1303c.jpg', 'CagZb88SH0f', 3, '2022-03-10 00:00:00.000000', 2),
	(239, 'tmadison6m', 2002, '6027 Mccormick Point', '2022-03-10 00:00:00.000000', '2008-06-19', 'Terri Madison', 1994, 'df837bb7-4e16-47f1-8fa4-d91e7ab49227.jpg', 'gKLgvtRywo', 1, '2022-03-10 00:00:00.000000', 2),
	(240, 'jperschke6n', 1995, '71 Pawling Center', '2022-03-10 00:00:00.000000', '2008-02-27', 'Jemmie Perschke', 1998, 'a8f73bc8-d6d9-40d9-8a2d-5807c01dbba8.jpg', 'fqORLG6Jz', 2, '2022-03-10 00:00:00.000000', 4),
	(241, 'meverix6o', 1995, '97 Helena Center', '2022-03-10 00:00:00.000000', '2009-10-15', 'Maxwell Everix', 1999, '857669c2-0c68-43c1-9049-4576d9649197.jpg', 'I38dNLr', 1, '2022-03-10 00:00:00.000000', 7),
	(242, 'rmccrone6p', 2012, '48 Dottie Pass', '2022-03-10 00:00:00.000000', '2009-06-20', 'Ron McCrone', 1996, 'ba2e10bd-07d9-4f20-b775-e49f790c689b.jpg', 'pBbC2lM', 3, '2022-03-10 00:00:00.000000', 10),
	(243, 'lvitte6q', 1984, '6499 Monterey Crossing', '2022-03-10 00:00:00.000000', '2009-06-28', 'Loren Vitte', 2007, 'c465e4c5-7c72-49a8-bf7b-dbb16ad1303c.jpg', 'oaflJ4CgL8', 2, '2022-03-10 00:00:00.000000', 7),
	(244, 'kattestone6r', 2010, '9 Paget Circle', '2022-03-10 00:00:00.000000', '2010-01-20', 'Kass Atte-Stone', 2000, 'df837bb7-4e16-47f1-8fa4-d91e7ab49227.jpg', '0XjutUsAvon', 2, '2022-03-10 00:00:00.000000', 4),
	(245, 'adeavall6s', 2005, '0 Kingsford Center', '2022-03-10 00:00:00.000000', '2008-01-02', 'Amelia Deavall', 1986, 'a8f73bc8-d6d9-40d9-8a2d-5807c01dbba8.jpg', 'C9xbPPfFKWHa', 2, '2022-03-10 00:00:00.000000', 10),
	(246, 'zupton6t', 2011, '626 Schlimgen Way', '2022-03-10 00:00:00.000000', '2008-11-11', 'Zorina Upton', 2009, '857669c2-0c68-43c1-9049-4576d9649197.jpg', 'Fm9nC8LY', 3, '2022-03-10 00:00:00.000000', 7),
	(247, 'eciementini6u', 1995, '902 Blackbird Point', '2022-03-10 00:00:00.000000', '2009-06-14', 'Esra Ciementini', 1988, 'ba2e10bd-07d9-4f20-b775-e49f790c689b.jpg', 'bO2FpQjLK8d', 2, '2022-03-10 00:00:00.000000', 4),
	(248, 'rmorlon6v', 2008, '4302 Katie Terrace', '2022-03-10 00:00:00.000000', '2008-07-26', 'Rochette Morlon', 2005, 'c465e4c5-7c72-49a8-bf7b-dbb16ad1303c.jpg', 'sB1OmbwIB', 3, '2022-03-10 00:00:00.000000', 5),
	(249, 'bsutworth6w', 1997, '58601 Aberg Point', '2022-03-10 00:00:00.000000', '2009-05-27', 'Billi Sutworth', 2009, 'df837bb7-4e16-47f1-8fa4-d91e7ab49227.jpg', 'MKdvqAODZ8', 1, '2022-03-10 00:00:00.000000', 2),
	(250, 'mscoullar6x', 2012, '88 Hanover Junction', '2022-03-10 00:00:00.000000', '2007-05-09', 'Melodie Scoullar', 1994, 'a8f73bc8-d6d9-40d9-8a2d-5807c01dbba8.jpg', 'ZkGXcPuVd', 3, '2022-03-10 00:00:00.000000', 4),
	(251, 'kalf6y', 1994, '9926 Heath Parkway', '2022-03-10 00:00:00.000000', '2007-10-22', 'Karna Alf', 2010, '857669c2-0c68-43c1-9049-4576d9649197.jpg', '2Attk7r', 2, '2022-03-10 00:00:00.000000', 8),
	(252, 'cludvigsen6z', 1997, '95358 Killdeer Center', '2022-03-10 00:00:00.000000', '2008-02-22', 'Cthrine Ludvigsen', 2007, 'ba2e10bd-07d9-4f20-b775-e49f790c689b.jpg', 'OdsaHLie7fK', 1, '2022-03-10 00:00:00.000000', 12),
	(253, 'idobney70', 2003, '052 Saint Paul Place', '2022-03-10 00:00:00.000000', '2007-06-22', 'Iorgos Dobney', 1993, 'c465e4c5-7c72-49a8-bf7b-dbb16ad1303c.jpg', 'B2od6IzbfJ', 3, '2022-03-10 00:00:00.000000', 7),
	(254, 'pdosdell71', 2005, '61404 Caliangt Junction', '2022-03-10 00:00:00.000000', '2009-08-21', 'Pincus Dosdell', 2012, 'df837bb7-4e16-47f1-8fa4-d91e7ab49227.jpg', 'W5XAEy18OL', 2, '2022-03-10 00:00:00.000000', 10),
	(255, 'bcerro72', 2008, '3389 Summer Ridge Drive', '2022-03-10 00:00:00.000000', '2009-11-22', 'Bud Cerro', 1992, 'a8f73bc8-d6d9-40d9-8a2d-5807c01dbba8.jpg', 'qqFIChJVJZVw', 2, '2022-03-10 00:00:00.000000', 5),
	(256, 'bfolliott73', 1991, '874 Nancy Way', '2022-03-10 00:00:00.000000', '2007-05-25', 'Braden Folliott', 1999, '857669c2-0c68-43c1-9049-4576d9649197.jpg', 'eJ88JrOS0Z', 1, '2022-03-10 00:00:00.000000', 12),
	(257, 'tdines74', 2011, '7 Northridge Parkway', '2022-03-10 00:00:00.000000', '2008-01-12', 'Talya Dines', 1999, 'ba2e10bd-07d9-4f20-b775-e49f790c689b.jpg', 'jXADNIw', 3, '2022-03-10 00:00:00.000000', 11),
	(258, 'apales75', 2002, '0 Anhalt Way', '2022-03-10 00:00:00.000000', '2008-02-03', 'Auberta Pales', 1988, 'c465e4c5-7c72-49a8-bf7b-dbb16ad1303c.jpg', 'o88MJRuR0v', 1, '2022-03-10 00:00:00.000000', 4),
	(259, 'smilmoe76', 2012, '44 3rd Terrace', '2022-03-10 00:00:00.000000', '2007-10-02', 'Sherwood Milmoe', 2008, 'df837bb7-4e16-47f1-8fa4-d91e7ab49227.jpg', '3kYiG8acwoV', 2, '2022-03-10 00:00:00.000000', 2),
	(260, 'tgeorgiades77', 2000, '256 Cambridge Trail', '2022-03-10 00:00:00.000000', '2007-10-26', 'Tarah Georgiades', 2000, 'a8f73bc8-d6d9-40d9-8a2d-5807c01dbba8.jpg', 'nQ0hvVZg2OSo', 2, '2022-03-10 00:00:00.000000', 8),
	(261, 'ko78', 2011, '6952 Bashford Park', '2022-03-10 00:00:00.000000', '2007-06-03', 'Katee O\' Quirk', 1996, '857669c2-0c68-43c1-9049-4576d9649197.jpg', 'E9TOLAEu1E', 1, '2022-03-10 00:00:00.000000', 6),
	(262, 'rkach79', 1995, '5023 Warner Plaza', '2022-03-10 00:00:00.000000', '2009-04-23', 'Rica Kach', 2008, 'ba2e10bd-07d9-4f20-b775-e49f790c689b.jpg', 'JdjqMRXls', 1, '2022-03-10 00:00:00.000000', 1),
	(263, 'scropton7a', 2000, '6456 Southridge Trail', '2022-03-10 00:00:00.000000', '2007-04-16', 'Stanley Cropton', 2002, 'c465e4c5-7c72-49a8-bf7b-dbb16ad1303c.jpg', 'vbGGLGT', 2, '2022-03-10 00:00:00.000000', 7),
	(264, 'cpiggins7b', 2011, '547 Di Loreto Junction', '2022-03-10 00:00:00.000000', '2007-04-15', 'Chad Piggins', 2000, 'df837bb7-4e16-47f1-8fa4-d91e7ab49227.jpg', 'Cpj4BvumO', 3, '2022-03-10 00:00:00.000000', 2),
	(265, 'fanderl7c', 1998, '2 Little Fleur Court', '2022-03-10 00:00:00.000000', '2009-05-07', 'Forbes Anderl', 1991, 'a8f73bc8-d6d9-40d9-8a2d-5807c01dbba8.jpg', 'flDym4ir', 1, '2022-03-10 00:00:00.000000', 2),
	(266, 'ksillis7d', 2013, '1328 Stuart Lane', '2022-03-10 00:00:00.000000', '2009-10-29', 'Kyrstin Sillis', 1994, '857669c2-0c68-43c1-9049-4576d9649197.jpg', 'YeaGM9a', 1, '2022-03-10 00:00:00.000000', 3),
	(267, 'jochterlony7e', 1992, '1656 Claremont Crossing', '2022-03-10 00:00:00.000000', '2008-11-12', 'Jase Ochterlony', 2008, 'ba2e10bd-07d9-4f20-b775-e49f790c689b.jpg', 'J9Ujrf', 2, '2022-03-10 00:00:00.000000', 5),
	(268, 'dkilduff7f', 1987, '433 Golf Course Hill', '2022-03-10 00:00:00.000000', '2009-08-14', 'Debee Kilduff', 1994, 'c465e4c5-7c72-49a8-bf7b-dbb16ad1303c.jpg', '49FjGy', 1, '2022-03-10 00:00:00.000000', 5),
	(269, 'dkruse7g', 2004, '5 Burning Wood Circle', '2022-03-10 00:00:00.000000', '2007-12-20', 'Davin Kruse', 1995, 'df837bb7-4e16-47f1-8fa4-d91e7ab49227.jpg', 'rsUSv0OzHn', 2, '2022-03-10 00:00:00.000000', 7),
	(270, 'bspellard7h', 1992, '0 Prairieview Crossing', '2022-03-10 00:00:00.000000', '2007-12-16', 'Brett Spellard', 1988, 'a8f73bc8-d6d9-40d9-8a2d-5807c01dbba8.jpg', '5uZ281EeK', 2, '2022-03-10 00:00:00.000000', 1),
	(271, 'gtrippett7i', 2011, '12232 Mendota Drive', '2022-03-10 00:00:00.000000', '2007-09-07', 'Gilbertina Trippett', 2003, '857669c2-0c68-43c1-9049-4576d9649197.jpg', 'JX6iBnrsQ', 2, '2022-03-10 00:00:00.000000', 2),
	(272, 'tleamy7j', 1992, '444 Lunder Plaza', '2022-03-10 00:00:00.000000', '2008-02-25', 'Tadeas Leamy', 2012, 'ba2e10bd-07d9-4f20-b775-e49f790c689b.jpg', 'aqNPZoeJdi', 3, '2022-03-10 00:00:00.000000', 6),
	(273, 'rarran7k', 2004, '3 Dottie Lane', '2022-03-10 00:00:00.000000', '2008-06-25', 'Rosana Arran', 1998, 'c465e4c5-7c72-49a8-bf7b-dbb16ad1303c.jpg', 'N6QzagfxJd5', 2, '2022-03-10 00:00:00.000000', 6),
	(274, 'adallas7l', 2011, '10 Onsgard Lane', '2022-03-10 00:00:00.000000', '2007-08-24', 'Abbie Dallas', 2000, 'df837bb7-4e16-47f1-8fa4-d91e7ab49227.jpg', 'xf6zRup', 1, '2022-03-10 00:00:00.000000', 8),
	(275, 'lseakin7m', 1998, '48989 Haas Trail', '2022-03-10 00:00:00.000000', '2007-06-08', 'Latia Seakin', 1989, 'a8f73bc8-d6d9-40d9-8a2d-5807c01dbba8.jpg', 'gDlnTN', 2, '2022-03-10 00:00:00.000000', 2),
	(276, 'jlightbown7n', 2001, '22 Main Circle', '2022-03-10 00:00:00.000000', '2007-09-05', 'Jacob Lightbown', 2011, '857669c2-0c68-43c1-9049-4576d9649197.jpg', 'bv8bL3e7MzF', 3, '2022-03-10 00:00:00.000000', 5),
	(277, 'mbazoche7o', 2010, '95932 Scoville Street', '2022-03-10 00:00:00.000000', '2009-04-12', 'Margi Bazoche', 1995, 'ba2e10bd-07d9-4f20-b775-e49f790c689b.jpg', 'CiQ02Vm5yj', 3, '2022-03-10 00:00:00.000000', 5),
	(278, 'gneicho7p', 2004, '49 Loftsgordon Point', '2022-03-10 00:00:00.000000', '2008-09-27', 'Giorgio Neicho', 2001, 'c465e4c5-7c72-49a8-bf7b-dbb16ad1303c.jpg', 'NorWzuX', 3, '2022-03-10 00:00:00.000000', 3),
	(279, 'sframmingham7q', 2004, '0543 Maple Wood Terrace', '2022-03-10 00:00:00.000000', '2009-10-26', 'Skelly Frammingham', 1989, 'df837bb7-4e16-47f1-8fa4-d91e7ab49227.jpg', 'zCe1VTtqUi0', 1, '2022-03-10 00:00:00.000000', 6),
	(280, 'mocanavan7r', 1993, '2109 Emmet Trail', '2022-03-10 00:00:00.000000', '2007-08-05', 'Meagan O\'Canavan', 1986, 'a8f73bc8-d6d9-40d9-8a2d-5807c01dbba8.jpg', 'Q8EV410h', 3, '2022-03-10 00:00:00.000000', 12),
	(281, 'fbowlas7s', 2006, '71 Garrison Avenue', '2022-03-10 00:00:00.000000', '2009-02-23', 'Ferris Bowlas', 2009, '857669c2-0c68-43c1-9049-4576d9649197.jpg', 'nNv8gk5GNe48', 3, '2022-03-10 00:00:00.000000', 3),
	(282, 'csoots7t', 1968, '65907 Acker Drive', '2022-03-10 00:00:00.000000', '2009-12-20', 'Cleavland Soots', 1993, 'ba2e10bd-07d9-4f20-b775-e49f790c689b.jpg', 'GlOeVFLWDa', 3, '2022-03-10 00:00:00.000000', 9),
	(283, 'abythway7u', 2009, '9 Clyde Gallagher Drive', '2022-03-10 00:00:00.000000', '2009-11-16', 'Alejandro Bythway', 2009, 'c465e4c5-7c72-49a8-bf7b-dbb16ad1303c.jpg', 'XixCx6DxPa', 2, '2022-03-10 00:00:00.000000', 5),
	(284, 'fgras7v', 2007, '7987 Nova Park', '2022-03-10 00:00:00.000000', '2008-07-23', 'Farris Gras', 2001, 'df837bb7-4e16-47f1-8fa4-d91e7ab49227.jpg', 'mv9hyTQ6', 2, '2022-03-10 00:00:00.000000', 3),
	(285, 'nbare7w', 2005, '616 Oakridge Park', '2022-03-10 00:00:00.000000', '2008-01-12', 'Nanny Bare', 1998, 'a8f73bc8-d6d9-40d9-8a2d-5807c01dbba8.jpg', 'IYhZYKL21', 3, '2022-03-10 00:00:00.000000', 5),
	(286, 'mmoulding7x', 2009, '0139 Ronald Regan Way', '2022-03-10 00:00:00.000000', '2009-08-08', 'Masha Moulding', 1996, '857669c2-0c68-43c1-9049-4576d9649197.jpg', 'wUII8dNRq', 3, '2022-03-10 00:00:00.000000', 7),
	(287, 'aforce7y', 2000, '01820 Northfield Court', '2022-03-10 00:00:00.000000', '2008-09-18', 'Appolonia Force', 1995, 'ba2e10bd-07d9-4f20-b775-e49f790c689b.jpg', 'LF3sgFclkX', 1, '2022-03-10 00:00:00.000000', 6),
	(288, 'araymond7z', 1997, '9286 Anzinger Way', '2022-03-10 00:00:00.000000', '2009-12-05', 'Amandi Raymond', 1986, 'c465e4c5-7c72-49a8-bf7b-dbb16ad1303c.jpg', '1cOlfaJDP', 2, '2022-03-10 00:00:00.000000', 9),
	(289, 'jdederick80', 2008, '78 Artisan Street', '2022-03-10 00:00:00.000000', '2007-05-09', 'Jacqui Dederick', 1967, 'df837bb7-4e16-47f1-8fa4-d91e7ab49227.jpg', 'ZluEfGVPa', 1, '2022-03-10 00:00:00.000000', 5),
	(290, 'dstubbins81', 2004, '5 Mccormick Plaza', '2022-03-10 00:00:00.000000', '2007-06-04', 'Doris Stubbins', 1992, 'a8f73bc8-d6d9-40d9-8a2d-5807c01dbba8.jpg', 's9j75N', 3, '2022-03-10 00:00:00.000000', 1),
	(291, 'dbiles82', 2009, '3 Grim Lane', '2022-03-10 00:00:00.000000', '2007-07-10', 'Dacia Biles', 1991, '857669c2-0c68-43c1-9049-4576d9649197.jpg', 'Jp4orHmNuvE8', 1, '2022-03-10 00:00:00.000000', 8),
	(292, 'hcohr83', 2007, '716 Morrow Junction', '2022-03-10 00:00:00.000000', '2009-02-26', 'Harv Cohr', 2007, 'ba2e10bd-07d9-4f20-b775-e49f790c689b.jpg', 'wQAUXA6IflYu', 3, '2022-03-10 00:00:00.000000', 11),
	(293, 'nmates84', 2001, '97 Northport Lane', '2022-03-10 00:00:00.000000', '2008-05-01', 'Nickolaus Mates', 2012, 'c465e4c5-7c72-49a8-bf7b-dbb16ad1303c.jpg', 'TtYMv1ui', 3, '2022-03-10 00:00:00.000000', 4),
	(294, 'cogrowgane85', 2007, '243 Mandrake Trail', '2022-03-10 00:00:00.000000', '2009-07-18', 'Carilyn O\'Growgane', 2008, 'df837bb7-4e16-47f1-8fa4-d91e7ab49227.jpg', 'Xrof2upqrpNb', 3, '2022-03-10 00:00:00.000000', 8),
	(295, 'mviccary86', 1992, '37 Jana Court', '2022-03-10 00:00:00.000000', '2007-09-02', 'Maryann Viccary', 2000, 'a8f73bc8-d6d9-40d9-8a2d-5807c01dbba8.jpg', 'rkJCKF', 2, '2022-03-10 00:00:00.000000', 10),
	(296, 'spolycote87', 2006, '1052 Randy Parkway', '2022-03-10 00:00:00.000000', '2009-04-11', 'Shea Polycote', 2012, '857669c2-0c68-43c1-9049-4576d9649197.jpg', 'uOuCVLC', 1, '2022-03-10 00:00:00.000000', 10),
	(297, 'mgansbuhler88', 1995, '94 Nelson Court', '2022-03-10 00:00:00.000000', '2008-12-25', 'Mella Gansbuhler', 1997, 'ba2e10bd-07d9-4f20-b775-e49f790c689b.jpg', 'IC2k2BGo', 2, '2022-03-10 00:00:00.000000', 1),
	(298, 'mharsnep89', 2012, '4 Pearson Court', '2022-03-10 00:00:00.000000', '2008-06-24', 'Milena Harsnep', 2006, 'c465e4c5-7c72-49a8-bf7b-dbb16ad1303c.jpg', 'rWeY6M1Zg9x', 2, '2022-03-10 00:00:00.000000', 7),
	(299, 'mborsnall8a', 2005, '88843 Farwell Avenue', '2022-03-10 00:00:00.000000', '2008-06-16', 'Mickie Borsnall', 2002, 'df837bb7-4e16-47f1-8fa4-d91e7ab49227.jpg', 'LyTWhRb', 1, '2022-03-10 00:00:00.000000', 1),
	(300, 'lhirthe8b', 2007, '613 Knutson Road', '2022-03-10 00:00:00.000000', '2009-10-24', 'Lynn Hirthe', 2002, 'a8f73bc8-d6d9-40d9-8a2d-5807c01dbba8.jpg', 'KmycrWO1', 1, '2022-03-10 00:00:00.000000', 3),
	(301, 'fdungey8c', 2011, '0 Charing Cross Avenue', '2022-03-10 00:00:00.000000', '2008-09-16', 'Florencia Dungey', 1996, '857669c2-0c68-43c1-9049-4576d9649197.jpg', 'oFIV1G7r', 3, '2022-03-10 00:00:00.000000', 3),
	(302, 'ksneller8d', 2009, '4 Summerview Pass', '2022-03-10 00:00:00.000000', '2008-04-06', 'Kirstin Sneller', 2000, 'ba2e10bd-07d9-4f20-b775-e49f790c689b.jpg', 'syW0kO6X', 3, '2022-03-10 00:00:00.000000', 5),
	(303, 'hwagner8e', 2000, '4493 Claremont Circle', '2022-03-10 00:00:00.000000', '2007-09-05', 'Hewett Wagner', 2009, 'c465e4c5-7c72-49a8-bf7b-dbb16ad1303c.jpg', 'WeyCW3Kug6a', 3, '2022-03-10 00:00:00.000000', 12),
	(304, 'dstoner8f', 2009, '00 7th Avenue', '2022-03-10 00:00:00.000000', '2009-10-16', 'Denise Stoner', 2001, 'df837bb7-4e16-47f1-8fa4-d91e7ab49227.jpg', 'zG7d5VuT', 2, '2022-03-10 00:00:00.000000', 7),
	(305, 'kmollindinia8g', 1994, '0014 Forest Dale Park', '2022-03-10 00:00:00.000000', '2009-01-09', 'Kimmy Mollindinia', 2004, 'a8f73bc8-d6d9-40d9-8a2d-5807c01dbba8.jpg', 'eSn2Ee1', 2, '2022-03-10 00:00:00.000000', 10),
	(306, 'gcopyn8h', 2007, '431 Loeprich Court', '2022-03-10 00:00:00.000000', '2007-05-29', 'Genny Copyn', 1981, '857669c2-0c68-43c1-9049-4576d9649197.jpg', 'D7BXoD', 1, '2022-03-10 00:00:00.000000', 10),
	(307, 'tcagan8i', 2006, '7728 Goodland Center', '2022-03-10 00:00:00.000000', '2010-02-13', 'Terencio Cagan', 2006, 'ba2e10bd-07d9-4f20-b775-e49f790c689b.jpg', 'hIstlqU9', 2, '2022-03-10 00:00:00.000000', 9),
	(308, 'uollin8j', 2010, '5 Portage Drive', '2022-03-10 00:00:00.000000', '2007-12-12', 'Ulrikaumeko Ollin', 2002, 'c465e4c5-7c72-49a8-bf7b-dbb16ad1303c.jpg', 'mOlUJtFjr', 1, '2022-03-10 00:00:00.000000', 10),
	(309, 'dforsbey8k', 2005, '73660 Susan Parkway', '2022-03-10 00:00:00.000000', '2009-04-13', 'Deborah Forsbey', 2004, 'df837bb7-4e16-47f1-8fa4-d91e7ab49227.jpg', 'fsb2zJYXfzxV', 1, '2022-03-10 00:00:00.000000', 10),
	(310, 'marsey8l', 2000, '036 Lillian Hill', '2022-03-10 00:00:00.000000', '2010-01-19', 'Masha Arsey', 2000, 'a8f73bc8-d6d9-40d9-8a2d-5807c01dbba8.jpg', 'xcU1pZqkauv', 2, '2022-03-10 00:00:00.000000', 11),
	(311, 'hbleas8m', 1998, '169 Trailsway Lane', '2022-03-10 00:00:00.000000', '2009-02-11', 'Helge Bleas', 1990, '857669c2-0c68-43c1-9049-4576d9649197.jpg', '2W7rA0', 1, '2022-03-10 00:00:00.000000', 4),
	(312, 'cpeddowe8n', 1994, '84 Dottie Street', '2022-03-10 00:00:00.000000', '2008-12-13', 'Cheryl Peddowe', 1994, 'ba2e10bd-07d9-4f20-b775-e49f790c689b.jpg', 'DLb9zEA', 1, '2022-03-10 00:00:00.000000', 10),
	(313, 'aguerry8o', 2005, '5 Portage Way', '2022-03-10 00:00:00.000000', '2009-03-10', 'Adara Guerry', 2011, 'c465e4c5-7c72-49a8-bf7b-dbb16ad1303c.jpg', '5MqHRoi', 2, '2022-03-10 00:00:00.000000', 6),
	(314, 'echappelow8p', 1994, '6 Talmadge Junction', '2022-03-10 00:00:00.000000', '2008-11-16', 'Edithe Chappelow', 2010, 'df837bb7-4e16-47f1-8fa4-d91e7ab49227.jpg', 'GkCbtS9XZSr', 1, '2022-03-10 00:00:00.000000', 6),
	(315, 'ccayley8q', 2000, '7256 Cottonwood Place', '2022-03-10 00:00:00.000000', '2007-05-31', 'Caye Cayley', 1995, 'a8f73bc8-d6d9-40d9-8a2d-5807c01dbba8.jpg', 'kVpUlSYp', 2, '2022-03-10 00:00:00.000000', 7),
	(316, 'atregunnah8r', 1996, '5863 Commercial Plaza', '2022-03-10 00:00:00.000000', '2009-07-23', 'Amalle Tregunnah', 2001, '857669c2-0c68-43c1-9049-4576d9649197.jpg', 'WKUfKoUe', 1, '2022-03-10 00:00:00.000000', 5),
	(317, 'tcassam8s', 2009, '005 Clove Alley', '2022-03-10 00:00:00.000000', '2008-02-11', 'Trescha Cassam', 1995, 'ba2e10bd-07d9-4f20-b775-e49f790c689b.jpg', 'Hnd0aLl', 1, '2022-03-10 00:00:00.000000', 10),
	(318, 'rbreche8t', 1992, '291 Dexter Street', '2022-03-10 00:00:00.000000', '2009-08-22', 'Ruy Breche', 2010, 'c465e4c5-7c72-49a8-bf7b-dbb16ad1303c.jpg', 'OfpD5X9lk', 3, '2022-03-10 00:00:00.000000', 5),
	(319, 'cfuchs8u', 2006, '6316 Saint Paul Street', '2022-03-10 00:00:00.000000', '2009-04-10', 'Chere Fuchs', 1985, 'df837bb7-4e16-47f1-8fa4-d91e7ab49227.jpg', '4rt3lnDD', 1, '2022-03-10 00:00:00.000000', 5),
	(320, 'yiseton8v', 2005, '948 Lien Way', '2022-03-10 00:00:00.000000', '2008-10-21', 'Yuma Iseton', 2008, 'a8f73bc8-d6d9-40d9-8a2d-5807c01dbba8.jpg', 'T76aCvO3kpPG', 3, '2022-03-10 00:00:00.000000', 3),
	(321, 'gwann8w', 1994, '5524 Petterle Center', '2022-03-10 00:00:00.000000', '2008-03-17', 'Gerald Wann', 1962, '857669c2-0c68-43c1-9049-4576d9649197.jpg', 'H5kXEoca', 3, '2022-03-10 00:00:00.000000', 1),
	(322, 'bbremmell8x', 1993, '22631 Artisan Plaza', '2022-03-10 00:00:00.000000', '2010-01-01', 'Baxter Bremmell', 2010, 'ba2e10bd-07d9-4f20-b775-e49f790c689b.jpg', 'kqWT5vNcFnC', 2, '2022-03-10 00:00:00.000000', 11),
	(323, 'gpien8y', 2008, '6245 Sachtjen Place', '2022-03-10 00:00:00.000000', '2008-01-03', 'Geno Pien', 2006, 'c465e4c5-7c72-49a8-bf7b-dbb16ad1303c.jpg', 'O1oQHARPb0iZ', 3, '2022-03-10 00:00:00.000000', 6),
	(324, 'kjilkes8z', 1970, '629 Packers Parkway', '2022-03-10 00:00:00.000000', '2008-01-25', 'Koressa Jilkes', 2008, 'df837bb7-4e16-47f1-8fa4-d91e7ab49227.jpg', 'ZnfWzvNLuoY', 1, '2022-03-10 00:00:00.000000', 9),
	(325, 'rgornal90', 2012, '83037 Hazelcrest Avenue', '2022-03-10 00:00:00.000000', '2008-02-26', 'Rhodia Gornal', 2008, 'a8f73bc8-d6d9-40d9-8a2d-5807c01dbba8.jpg', 'mAJqGy7JVFZ', 3, '2022-03-10 00:00:00.000000', 6),
	(326, 'mhambridge91', 2004, '89389 Monument Street', '2022-03-10 00:00:00.000000', '2008-07-27', 'Madeleine Hambridge', 2011, '857669c2-0c68-43c1-9049-4576d9649197.jpg', 'Kww0Nd5qX', 3, '2022-03-10 00:00:00.000000', 11),
	(327, 'sdellenbrok92', 2002, '55980 Twin Pines Court', '2022-03-10 00:00:00.000000', '2008-06-09', 'Sydel Dellenbrok', 1992, 'ba2e10bd-07d9-4f20-b775-e49f790c689b.jpg', 'JRVRxTMr', 3, '2022-03-10 00:00:00.000000', 6),
	(328, 'rgosselin93', 2006, '3 Ridgeway Terrace', '2022-03-10 00:00:00.000000', '2010-01-27', 'Rhody Gosselin', 2006, 'c465e4c5-7c72-49a8-bf7b-dbb16ad1303c.jpg', '2k9SFM9hjhaA', 1, '2022-03-10 00:00:00.000000', 5),
	(329, 'bwimpenny94', 1999, '9058 Mifflin Plaza', '2022-03-10 00:00:00.000000', '2007-09-30', 'Ben Wimpenny', 1998, 'df837bb7-4e16-47f1-8fa4-d91e7ab49227.jpg', '7tMlbHIczPvE', 3, '2022-03-10 00:00:00.000000', 12),
	(330, 'mcovotti95', 1987, '73 Laurel Hill', '2022-03-10 00:00:00.000000', '2007-03-23', 'Mahmud Covotti', 1985, 'a8f73bc8-d6d9-40d9-8a2d-5807c01dbba8.jpg', 'l5FrVuLmG', 3, '2022-03-10 00:00:00.000000', 2),
	(331, 'twalczak96', 2003, '46 Eagle Crest Crossing', '2022-03-10 00:00:00.000000', '2007-10-23', 'Timothea Walczak', 2011, '857669c2-0c68-43c1-9049-4576d9649197.jpg', 'HghFBwhLYZv', 1, '2022-03-10 00:00:00.000000', 4),
	(332, 'ecollumbine97', 1985, '14 Vahlen Center', '2022-03-10 00:00:00.000000', '2008-03-11', 'Elton Collumbine', 1986, 'ba2e10bd-07d9-4f20-b775-e49f790c689b.jpg', 'GlvGk9FIBE', 1, '2022-03-10 00:00:00.000000', 4),
	(333, 'ciacobo98', 1988, '11 Crownhardt Park', '2022-03-10 00:00:00.000000', '2008-09-09', 'Calv Iacobo', 1995, 'c465e4c5-7c72-49a8-bf7b-dbb16ad1303c.jpg', 'DuAUJzUL23w', 1, '2022-03-10 00:00:00.000000', 12),
	(334, 'wsoutherton99', 2012, '546 Charing Cross Center', '2022-03-10 00:00:00.000000', '2007-03-29', 'Wynnie Southerton', 1988, 'df837bb7-4e16-47f1-8fa4-d91e7ab49227.jpg', 'ctBg0chs1Fbj', 2, '2022-03-10 00:00:00.000000', 6),
	(335, 'mwolton9a', 2003, '7 Badeau Parkway', '2022-03-10 00:00:00.000000', '2007-05-11', 'Maxwell Wolton', 2005, 'a8f73bc8-d6d9-40d9-8a2d-5807c01dbba8.jpg', 'HgaHjL8P', 3, '2022-03-10 00:00:00.000000', 4),
	(336, 'jbrash9b', 2009, '0 Holmberg Way', '2022-03-10 00:00:00.000000', '2009-12-13', 'Jock Brash', 2004, '857669c2-0c68-43c1-9049-4576d9649197.jpg', 'qFx0Yhr4z', 2, '2022-03-10 00:00:00.000000', 6),
	(337, 'mtattersall9c', 2005, '156 Cambridge Trail', '2022-03-10 00:00:00.000000', '2009-09-25', 'Mariellen Tattersall', 1997, 'ba2e10bd-07d9-4f20-b775-e49f790c689b.jpg', 'boFeePMlWEPi', 2, '2022-03-10 00:00:00.000000', 6),
	(338, 'rhazard9d', 2002, '19 Fuller Avenue', '2022-03-10 00:00:00.000000', '2009-03-30', 'Rodge Hazard', 1988, 'c465e4c5-7c72-49a8-bf7b-dbb16ad1303c.jpg', '25aG3XjWTHS', 3, '2022-03-10 00:00:00.000000', 7),
	(339, 'ldew9e', 1994, '9 Towne Plaza', '2022-03-10 00:00:00.000000', '2010-01-22', 'Livy Dew', 2006, 'df837bb7-4e16-47f1-8fa4-d91e7ab49227.jpg', 'A2MMws21mh', 3, '2022-03-10 00:00:00.000000', 4),
	(340, 'eovesen9f', 1990, '686 Clemons Terrace', '2022-03-10 00:00:00.000000', '2009-02-20', 'Eirena Ovesen', 2012, 'a8f73bc8-d6d9-40d9-8a2d-5807c01dbba8.jpg', 'fjyYvdG7wKne', 3, '2022-03-10 00:00:00.000000', 5),
	(341, 'gbeardsdale9g', 2009, '3869 Goodland Lane', '2022-03-10 00:00:00.000000', '2007-12-31', 'Godwin Beardsdale', 2006, '857669c2-0c68-43c1-9049-4576d9649197.jpg', 'bSnrJpfUj', 1, '2022-03-10 00:00:00.000000', 9),
	(342, 'jeccleshare9h', 1991, '601 Crest Line Plaza', '2022-03-10 00:00:00.000000', '2008-05-31', 'Jodee Eccleshare', 2003, 'ba2e10bd-07d9-4f20-b775-e49f790c689b.jpg', 'mvtxwTRK2Y', 3, '2022-03-10 00:00:00.000000', 11),
	(343, 'mchritchlow9i', 1989, '3686 Pearson Street', '2022-03-10 00:00:00.000000', '2008-04-07', 'Myrta Chritchlow', 2009, 'c465e4c5-7c72-49a8-bf7b-dbb16ad1303c.jpg', '0auyGo6JP', 1, '2022-03-10 00:00:00.000000', 10),
	(344, 'gjacop9j', 1998, '1 Loeprich Parkway', '2022-03-10 00:00:00.000000', '2007-12-25', 'Genni Jacop', 2006, 'df837bb7-4e16-47f1-8fa4-d91e7ab49227.jpg', '1QGDBA7K', 1, '2022-03-10 00:00:00.000000', 7),
	(345, 'ewesgate9k', 1994, '22 Stephen Avenue', '2022-03-10 00:00:00.000000', '2008-06-19', 'Eloisa Wesgate', 1994, 'a8f73bc8-d6d9-40d9-8a2d-5807c01dbba8.jpg', 'xS6KUvIs', 2, '2022-03-10 00:00:00.000000', 4),
	(346, 'cchurchard9l', 1986, '70 Almo Trail', '2022-03-10 00:00:00.000000', '2009-10-02', 'Christian Churchard', 2001, '857669c2-0c68-43c1-9049-4576d9649197.jpg', 'MQzZuBepl9HM', 1, '2022-03-10 00:00:00.000000', 7),
	(347, 'dpurdom9m', 2012, '9 Ridgeway Drive', '2022-03-10 00:00:00.000000', '2007-11-05', 'Danie Purdom', 1995, 'ba2e10bd-07d9-4f20-b775-e49f790c689b.jpg', 'BshTRi', 1, '2022-03-10 00:00:00.000000', 1),
	(348, 'lszachniewicz9n', 2004, '5 Burning Wood Trail', '2022-03-10 00:00:00.000000', '2008-10-28', 'Leeann Szachniewicz', 1994, 'c465e4c5-7c72-49a8-bf7b-dbb16ad1303c.jpg', 'YEMY3eC', 3, '2022-03-10 00:00:00.000000', 1),
	(349, 'fjohannes9o', 1993, '4 Washington Drive', '2022-03-10 00:00:00.000000', '2007-11-02', 'Fields Johannes', 1995, 'df837bb7-4e16-47f1-8fa4-d91e7ab49227.jpg', 'eqcARm4Af3k', 2, '2022-03-10 00:00:00.000000', 3),
	(350, 'smynott9p', 1997, '41 Del Mar Place', '2022-03-10 00:00:00.000000', '2009-01-17', 'Sheba Mynott', 2007, 'a8f73bc8-d6d9-40d9-8a2d-5807c01dbba8.jpg', 'UsBsYegN', 3, '2022-03-10 00:00:00.000000', 1),
	(351, 'eetheredge9q', 1964, '7 Logan Crossing', '2022-03-10 00:00:00.000000', '2008-08-30', 'Evangeline Etheredge', 1993, '857669c2-0c68-43c1-9049-4576d9649197.jpg', 'M9ss0LB', 3, '2022-03-10 00:00:00.000000', 10),
	(352, 'esinney9r', 1997, '75 Shoshone Alley', '2022-03-10 00:00:00.000000', '2008-12-20', 'Eberto Sinney', 2008, 'ba2e10bd-07d9-4f20-b775-e49f790c689b.jpg', 'g1zVJ2cvtNO', 1, '2022-03-10 00:00:00.000000', 4),
	(353, 'tbleaden9s', 1993, '18 Express Lane', '2022-03-10 00:00:00.000000', '2009-12-10', 'Trescha Bleaden', 1990, 'c465e4c5-7c72-49a8-bf7b-dbb16ad1303c.jpg', 'Y5Y4VE5Kwl5', 2, '2022-03-10 00:00:00.000000', 1),
	(354, 'fsaltrese9t', 2002, '51 Beilfuss Park', '2022-03-10 00:00:00.000000', '2007-07-03', 'Filide Saltrese', 2012, 'df837bb7-4e16-47f1-8fa4-d91e7ab49227.jpg', 'MsytILDcaz', 3, '2022-03-10 00:00:00.000000', 2),
	(355, 'lbatts9u', 1996, '4783 Emmet Hill', '2022-03-10 00:00:00.000000', '2010-02-16', 'Lizette Batts', 2002, 'a8f73bc8-d6d9-40d9-8a2d-5807c01dbba8.jpg', 'jWV8QWQSLp', 1, '2022-03-10 00:00:00.000000', 12),
	(356, 'kriba9v', 2008, '50039 Carberry Trail', '2022-03-10 00:00:00.000000', '2008-11-12', 'Kippy Riba', 2001, '857669c2-0c68-43c1-9049-4576d9649197.jpg', 'SpwV7qZ', 3, '2022-03-10 00:00:00.000000', 10),
	(357, 'ljeffers9w', 1997, '7970 Golf View Parkway', '2022-03-10 00:00:00.000000', '2009-09-30', 'Lilllie Jeffers', 1997, 'ba2e10bd-07d9-4f20-b775-e49f790c689b.jpg', 'o6He6x', 2, '2022-03-10 00:00:00.000000', 10),
	(358, 'bpovall9x', 1992, '50 Mitchell Hill', '2022-03-10 00:00:00.000000', '2009-04-11', 'Bobina Povall', 2012, 'c465e4c5-7c72-49a8-bf7b-dbb16ad1303c.jpg', 'gOTQlqdmd', 2, '2022-03-10 00:00:00.000000', 2),
	(359, 'mmitie9y', 1992, '9 Marquette Avenue', '2022-03-10 00:00:00.000000', '2007-05-08', 'Marianna Mitie', 2012, 'df837bb7-4e16-47f1-8fa4-d91e7ab49227.jpg', 'EXp4KBW4', 1, '2022-03-10 00:00:00.000000', 3),
	(360, 'plannen9z', 2009, '89 Texas Court', '2022-03-10 00:00:00.000000', '2008-11-03', 'Preston Lannen', 1997, 'a8f73bc8-d6d9-40d9-8a2d-5807c01dbba8.jpg', 'Ez1UrTs5T', 3, '2022-03-10 00:00:00.000000', 3),
	(361, 'nmobberleya0', 1955, '7737 Parkside Pass', '2022-03-10 00:00:00.000000', '2009-08-13', 'Neala Mobberley', 2007, '857669c2-0c68-43c1-9049-4576d9649197.jpg', 'YOGSmJw', 2, '2022-03-10 00:00:00.000000', 10),
	(362, 'mpfeffera1', 1997, '12 Kipling Hill', '2022-03-10 00:00:00.000000', '2007-05-17', 'Manya Pfeffer', 2010, 'ba2e10bd-07d9-4f20-b775-e49f790c689b.jpg', 'ek9nJKty', 3, '2022-03-10 00:00:00.000000', 2),
	(363, 'xbenniona2', 2009, '87 Dakota Street', '2022-03-10 00:00:00.000000', '2009-02-10', 'Xerxes Bennion', 1994, 'c465e4c5-7c72-49a8-bf7b-dbb16ad1303c.jpg', 'dZejRYp', 3, '2022-03-10 00:00:00.000000', 2),
	(364, 'cdunstona3', 1992, '8 Bartelt Street', '2022-03-10 00:00:00.000000', '2008-02-06', 'Cathyleen Dunston', 2003, 'df837bb7-4e16-47f1-8fa4-d91e7ab49227.jpg', 'UotnzOLFQ', 1, '2022-03-10 00:00:00.000000', 11),
	(365, 'aloidla4', 2011, '12 Merrick Pass', '2022-03-10 00:00:00.000000', '2009-02-16', 'Annelise Loidl', 1994, 'a8f73bc8-d6d9-40d9-8a2d-5807c01dbba8.jpg', 'gqyz1wvB3n', 2, '2022-03-10 00:00:00.000000', 2),
	(366, 'imartia5', 2011, '629 Sommers Hill', '2022-03-10 00:00:00.000000', '2008-02-19', 'Irving Marti', 2000, '857669c2-0c68-43c1-9049-4576d9649197.jpg', '2XZN9R6M', 1, '2022-03-10 00:00:00.000000', 2),
	(367, 'pworstera6', 1997, '1 Riverside Junction', '2022-03-10 00:00:00.000000', '2009-02-11', 'Patty Worster', 2007, 'ba2e10bd-07d9-4f20-b775-e49f790c689b.jpg', 'r8Idc3', 3, '2022-03-10 00:00:00.000000', 4),
	(368, 'rkiezlera7', 2005, '396 Derek Way', '2022-03-10 00:00:00.000000', '2010-01-17', 'Raymund Kiezler', 2005, 'c465e4c5-7c72-49a8-bf7b-dbb16ad1303c.jpg', 'F86OPoxMb2z', 3, '2022-03-10 00:00:00.000000', 11),
	(369, 'csideya8', 2000, '382 Doe Crossing Way', '2022-03-10 00:00:00.000000', '2008-02-22', 'Coralyn Sidey', 2003, 'df837bb7-4e16-47f1-8fa4-d91e7ab49227.jpg', 'GvQU4G', 1, '2022-03-10 00:00:00.000000', 12),
	(370, 'aaltoftsa9', 2005, '031 Morning Court', '2022-03-10 00:00:00.000000', '2008-11-13', 'Adaline Altofts', 2012, 'a8f73bc8-d6d9-40d9-8a2d-5807c01dbba8.jpg', 'jFwyIysEaOe', 3, '2022-03-10 00:00:00.000000', 3),
	(371, 'rtoderbruggeaa', 2003, '8 Becker Center', '2022-03-10 00:00:00.000000', '2009-06-10', 'Rafaelia Toderbrugge', 2003, '857669c2-0c68-43c1-9049-4576d9649197.jpg', '6QxY3pHZd9jF', 1, '2022-03-10 00:00:00.000000', 1),
	(372, 'roattesab', 2008, '972 Pierstorff Drive', '2022-03-10 00:00:00.000000', '2009-01-15', 'Reeva Oattes', 2009, 'ba2e10bd-07d9-4f20-b775-e49f790c689b.jpg', '8gN7aa27CWL2', 1, '2022-03-10 00:00:00.000000', 1),
	(373, 'slegraveac', 2008, '2622 3rd Terrace', '2022-03-10 00:00:00.000000', '2008-03-13', 'Sapphire Legrave', 2012, 'c465e4c5-7c72-49a8-bf7b-dbb16ad1303c.jpg', 'R9ypWYw2FAT', 2, '2022-03-10 00:00:00.000000', 9),
	(374, 'wgreenwoodad', 1997, '96810 Namekagon Circle', '2022-03-10 00:00:00.000000', '2008-05-03', 'Worthy Greenwood', 1973, 'df837bb7-4e16-47f1-8fa4-d91e7ab49227.jpg', 'pCLJbn', 1, '2022-03-10 00:00:00.000000', 6),
	(375, 'kmangeonae', 2007, '53 Carpenter Circle', '2022-03-10 00:00:00.000000', '2009-08-18', 'Kimball Mangeon', 2006, 'a8f73bc8-d6d9-40d9-8a2d-5807c01dbba8.jpg', 'oICuTy0z8GaJ', 2, '2022-03-10 00:00:00.000000', 4),
	(376, 'pbeckensallaf', 2010, '471 4th Alley', '2022-03-10 00:00:00.000000', '2008-06-14', 'Phaedra Beckensall', 1990, '857669c2-0c68-43c1-9049-4576d9649197.jpg', 'BHA2c4EU', 1, '2022-03-10 00:00:00.000000', 12),
	(377, 'eornellsag', 1964, '80141 Bultman Street', '2022-03-10 00:00:00.000000', '2007-10-08', 'Emelia Ornells', 2003, 'ba2e10bd-07d9-4f20-b775-e49f790c689b.jpg', 'ethEQdLve', 1, '2022-03-10 00:00:00.000000', 4),
	(378, 'ajustisah', 2010, '13704 Eagan Pass', '2022-03-10 00:00:00.000000', '2009-06-18', 'Antonia Justis', 2012, 'c465e4c5-7c72-49a8-bf7b-dbb16ad1303c.jpg', 'ynUv4kns', 3, '2022-03-10 00:00:00.000000', 6),
	(379, 'eblaylockai', 2002, '03 Bunker Hill Parkway', '2022-03-10 00:00:00.000000', '2007-12-03', 'Elicia Blaylock', 2012, 'df837bb7-4e16-47f1-8fa4-d91e7ab49227.jpg', 'RnCkggZ', 3, '2022-03-10 00:00:00.000000', 2),
	(380, 'acorgenvinaj', 2011, '8703 Division Circle', '2022-03-10 00:00:00.000000', '2007-05-08', 'Aeriell Corgenvin', 1987, 'a8f73bc8-d6d9-40d9-8a2d-5807c01dbba8.jpg', 'ufJwrF37Jd', 1, '2022-03-10 00:00:00.000000', 4),
	(381, 'drobkeak', 1996, '0 Sommers Hill', '2022-03-10 00:00:00.000000', '2009-11-03', 'Dania Robke', 2011, '857669c2-0c68-43c1-9049-4576d9649197.jpg', 'blZYaN7yVn', 2, '2022-03-10 00:00:00.000000', 10),
	(382, 'kvayneal', 2004, '83 Glendale Terrace', '2022-03-10 00:00:00.000000', '2009-05-06', 'Kiel Vayne', 2007, 'ba2e10bd-07d9-4f20-b775-e49f790c689b.jpg', 'LmK9s64Pec', 1, '2022-03-10 00:00:00.000000', 8),
	(383, 'jpulestonam', 1994, '03108 Nelson Avenue', '2022-03-10 00:00:00.000000', '2007-10-30', 'Jordanna Puleston', 2003, 'c465e4c5-7c72-49a8-bf7b-dbb16ad1303c.jpg', '25IeG5l9Cgd', 2, '2022-03-10 00:00:00.000000', 4),
	(384, 'abassaman', 1994, '17231 Mifflin Street', '2022-03-10 00:00:00.000000', '2007-09-19', 'Ambros Bassam', 2005, 'df837bb7-4e16-47f1-8fa4-d91e7ab49227.jpg', 'SFyBjHa', 2, '2022-03-10 00:00:00.000000', 9),
	(385, 'hpideonao', 1999, '3491 Butterfield Center', '2022-03-10 00:00:00.000000', '2010-03-07', 'Heath Pideon', 1992, 'a8f73bc8-d6d9-40d9-8a2d-5807c01dbba8.jpg', 'qsmgJ6eCiEdL', 2, '2022-03-10 00:00:00.000000', 4),
	(386, 'pswattonap', 2002, '2 Esker Terrace', '2022-03-10 00:00:00.000000', '2008-09-14', 'Pauly Swatton', 1994, '857669c2-0c68-43c1-9049-4576d9649197.jpg', 'iHDO3Bpt', 1, '2022-03-10 00:00:00.000000', 3),
	(387, 'adalbyaq', 1991, '3 Gateway Hill', '2022-03-10 00:00:00.000000', '2009-03-12', 'Aluin Dalby', 1989, 'ba2e10bd-07d9-4f20-b775-e49f790c689b.jpg', 'HnXH9yv', 3, '2022-03-10 00:00:00.000000', 3),
	(388, 'kspatigar', 2005, '88424 American Ash Parkway', '2022-03-10 00:00:00.000000', '2009-03-28', 'Konrad Spatig', 2010, 'c465e4c5-7c72-49a8-bf7b-dbb16ad1303c.jpg', 'l9EVtWu', 1, '2022-03-10 00:00:00.000000', 3),
	(389, 'gsillas', 2004, '12627 Nova Place', '2022-03-10 00:00:00.000000', '2008-05-21', 'Gilberta Sill', 2003, 'df837bb7-4e16-47f1-8fa4-d91e7ab49227.jpg', 'xuj4M8eU', 3, '2022-03-10 00:00:00.000000', 11),
	(390, 'mvainat', 1998, '215 Blue Bill Park Crossing', '2022-03-10 00:00:00.000000', '2009-09-16', 'Mersey Vain', 1992, 'a8f73bc8-d6d9-40d9-8a2d-5807c01dbba8.jpg', 'GCHsSQ7', 2, '2022-03-10 00:00:00.000000', 8),
	(391, 'pwhittersau', 1995, '4 Doe Crossing Lane', '2022-03-10 00:00:00.000000', '2007-06-11', 'Paddie Whitters', 1989, '857669c2-0c68-43c1-9049-4576d9649197.jpg', '9NOOGCm5Uq', 2, '2022-03-10 00:00:00.000000', 7),
	(392, 'jladellav', 2012, '4 Mandrake Circle', '2022-03-10 00:00:00.000000', '2007-03-11', 'Julius Ladell', 2013, 'ba2e10bd-07d9-4f20-b775-e49f790c689b.jpg', 'bDDh5Rwm4iMk', 1, '2022-03-10 00:00:00.000000', 11),
	(393, 'vlongshawaw', 1985, '9126 Mockingbird Point', '2022-03-10 00:00:00.000000', '2008-02-28', 'Vanna Longshaw', 2000, 'c465e4c5-7c72-49a8-bf7b-dbb16ad1303c.jpg', 'zKRh4B0Q', 3, '2022-03-10 00:00:00.000000', 4),
	(394, 'cdunkerlyax', 1994, '02 Vermont Center', '2022-03-10 00:00:00.000000', '2007-06-28', 'Conney Dunkerly', 1987, 'df837bb7-4e16-47f1-8fa4-d91e7ab49227.jpg', 'y3Ol4ZO8', 1, '2022-03-10 00:00:00.000000', 4),
	(395, 'anortheastay', 2002, '79280 Waywood Park', '2022-03-10 00:00:00.000000', '2009-01-20', 'Alli Northeast', 2008, 'a8f73bc8-d6d9-40d9-8a2d-5807c01dbba8.jpg', 'fZRbCh', 3, '2022-03-10 00:00:00.000000', 7),
	(396, 'ahollingbyaz', 2002, '8 Chinook Junction', '2022-03-10 00:00:00.000000', '2007-10-07', 'Andonis Hollingby', 1993, '857669c2-0c68-43c1-9049-4576d9649197.jpg', 'giKAKi7Kh', 1, '2022-03-10 00:00:00.000000', 8),
	(397, 'mwindrusb0', 1988, '5 Annamark Terrace', '2022-03-10 00:00:00.000000', '2008-01-18', 'Maisey Windrus', 2008, 'ba2e10bd-07d9-4f20-b775-e49f790c689b.jpg', 'qt0LKFdkoDy', 1, '2022-03-10 00:00:00.000000', 1),
	(398, 'hguppieb1', 2002, '3646 Havey Court', '2022-03-10 00:00:00.000000', '2008-09-21', 'Harrietta Guppie', 2005, 'c465e4c5-7c72-49a8-bf7b-dbb16ad1303c.jpg', '65hu4Etp8k', 3, '2022-03-10 00:00:00.000000', 10),
	(399, 'cwhitehurstb2', 1965, '39608 Novick Crossing', '2022-03-10 00:00:00.000000', '2009-01-19', 'Carmine Whitehurst', 1998, 'df837bb7-4e16-47f1-8fa4-d91e7ab49227.jpg', '4wrgMW', 1, '2022-03-10 00:00:00.000000', 2),
	(400, 'mduffittb3', 2003, '42412 Hauk Center', '2022-03-10 00:00:00.000000', '2008-08-24', 'Meade Duffitt', 1985, 'a8f73bc8-d6d9-40d9-8a2d-5807c01dbba8.jpg', 'rD2CbiWEU5', 3, '2022-03-10 00:00:00.000000', 6),
	(401, 'ylystb4', 2010, '0 Blackbird Place', '2022-03-10 00:00:00.000000', '2009-03-03', 'Yvon Lyst', 1983, '857669c2-0c68-43c1-9049-4576d9649197.jpg', 'xrZ0s2ArbGvz', 1, '2022-03-10 00:00:00.000000', 3),
	(402, 'owhildeb5', 1998, '6997 Heffernan Way', '2022-03-10 00:00:00.000000', '2008-04-27', 'Osbourn Whilde', 2011, 'ba2e10bd-07d9-4f20-b775-e49f790c689b.jpg', 'MPynso', 2, '2022-03-10 00:00:00.000000', 6),
	(403, 'giacoviellob6', 1995, '9 Gina Point', '2022-03-10 00:00:00.000000', '2008-08-27', 'Gian Iacoviello', 1993, 'c465e4c5-7c72-49a8-bf7b-dbb16ad1303c.jpg', 'hIcfE4', 1, '2022-03-10 00:00:00.000000', 7),
	(404, 'icairdb7', 1989, '95003 Delladonna Parkway', '2022-03-10 00:00:00.000000', '2009-09-12', 'Ibby Caird', 1988, 'df837bb7-4e16-47f1-8fa4-d91e7ab49227.jpg', 'l40aRltM0', 2, '2022-03-10 00:00:00.000000', 5),
	(405, 'csenchenkob8', 1984, '1 Cherokee Street', '2022-03-10 00:00:00.000000', '2008-06-23', 'Chane Senchenko', 2009, 'a8f73bc8-d6d9-40d9-8a2d-5807c01dbba8.jpg', '8TAvdbJDL4', 2, '2022-03-10 00:00:00.000000', 12),
	(406, 'mbramsomb9', 2005, '8456 Hayes Way', '2022-03-10 00:00:00.000000', '2009-02-18', 'Monique Bramsom', 1997, '857669c2-0c68-43c1-9049-4576d9649197.jpg', 'bB70EU', 1, '2022-03-10 00:00:00.000000', 9),
	(407, 'varlowba', 2004, '5864 Graceland Drive', '2022-03-10 00:00:00.000000', '2007-08-23', 'Vilma Arlow', 1995, 'ba2e10bd-07d9-4f20-b775-e49f790c689b.jpg', 'Rbh2S063wB', 3, '2022-03-10 00:00:00.000000', 5),
	(408, 'bpoguebb', 2011, '4734 Talmadge Avenue', '2022-03-10 00:00:00.000000', '2007-11-22', 'Bonnie Pogue', 1982, 'c465e4c5-7c72-49a8-bf7b-dbb16ad1303c.jpg', 't2uEPVMdUF', 2, '2022-03-10 00:00:00.000000', 7),
	(409, 'djikyllsbc', 1993, '19831 Fair Oaks Point', '2022-03-10 00:00:00.000000', '2008-01-20', 'Donovan Jikylls', 2001, 'df837bb7-4e16-47f1-8fa4-d91e7ab49227.jpg', 'RMKf557tcG2', 3, '2022-03-10 00:00:00.000000', 6),
	(410, 'amillebd', 2003, '0 Starling Pass', '2022-03-10 00:00:00.000000', '2010-01-30', 'Arlan Mille', 2009, 'a8f73bc8-d6d9-40d9-8a2d-5807c01dbba8.jpg', 'bnZcy9h', 1, '2022-03-10 00:00:00.000000', 3),
	(411, 'dthoumassonbe', 2004, '133 Lakewood Gardens Court', '2022-03-10 00:00:00.000000', '2007-05-21', 'Doralynn Thoumasson', 2001, '857669c2-0c68-43c1-9049-4576d9649197.jpg', '8Pcl62', 2, '2022-03-10 00:00:00.000000', 8),
	(412, 'mevasonbf', 2005, '0 Prairie Rose Junction', '2022-03-10 00:00:00.000000', '2008-06-02', 'Minor Evason', 2008, 'ba2e10bd-07d9-4f20-b775-e49f790c689b.jpg', 'ESKgF5dLlCF', 2, '2022-03-10 00:00:00.000000', 11),
	(413, 'agoulbornebg', 2000, '77632 Elmside Road', '2022-03-10 00:00:00.000000', '2008-07-23', 'Aloin Goulborne', 2009, 'c465e4c5-7c72-49a8-bf7b-dbb16ad1303c.jpg', 'f9G2p1Rg', 3, '2022-03-10 00:00:00.000000', 4),
	(414, 'ssenchenkobh', 2009, '02901 Old Gate Road', '2022-03-10 00:00:00.000000', '2008-01-30', 'Stormi Senchenko', 2001, 'df837bb7-4e16-47f1-8fa4-d91e7ab49227.jpg', '2PPw83uPG', 3, '2022-03-10 00:00:00.000000', 12),
	(415, 'jdudlestonebi', 2005, '65141 Valley Edge Junction', '2022-03-10 00:00:00.000000', '2009-04-25', 'Joletta Dudlestone', 1994, 'a8f73bc8-d6d9-40d9-8a2d-5807c01dbba8.jpg', 'S20ZXg225', 2, '2022-03-10 00:00:00.000000', 1),
	(416, 'strunkfieldbj', 2007, '34 Reindahl Circle', '2022-03-10 00:00:00.000000', '2008-09-23', 'Saba Trunkfield', 2006, '857669c2-0c68-43c1-9049-4576d9649197.jpg', 's0qBCGuj', 1, '2022-03-10 00:00:00.000000', 2),
	(417, 'mdebk', 1992, '588 Sundown Pass', '2022-03-10 00:00:00.000000', '2008-10-11', 'Maridel De Freyne', 1995, 'ba2e10bd-07d9-4f20-b775-e49f790c689b.jpg', 'svPgfYDmjMRf', 2, '2022-03-10 00:00:00.000000', 2),
	(418, 'frobertbl', 2002, '38 Anniversary Circle', '2022-03-10 00:00:00.000000', '2007-05-02', 'Filmore Robert', 2011, 'c465e4c5-7c72-49a8-bf7b-dbb16ad1303c.jpg', 'oC0wr3Naux9W', 3, '2022-03-10 00:00:00.000000', 10),
	(419, 'esutliffbm', 1997, '04151 Barnett Lane', '2022-03-10 00:00:00.000000', '2007-10-05', 'Elnore Sutliff', 1997, 'df837bb7-4e16-47f1-8fa4-d91e7ab49227.jpg', '02Fchynv', 3, '2022-03-10 00:00:00.000000', 8),
	(420, 'eleggisbn', 1999, '2228 Southridge Circle', '2022-03-10 00:00:00.000000', '2007-03-22', 'Evelin Leggis', 2006, 'a8f73bc8-d6d9-40d9-8a2d-5807c01dbba8.jpg', '3ib3fUZrP', 2, '2022-03-10 00:00:00.000000', 8),
	(421, 'sferrinobo', 1993, '83994 Namekagon Way', '2022-03-10 00:00:00.000000', '2009-05-12', 'Siward Ferrino', 2008, '857669c2-0c68-43c1-9049-4576d9649197.jpg', 'EmuvSucACg', 1, '2022-03-10 00:00:00.000000', 2),
	(422, 'vrowettbp', 2008, '9 Dottie Road', '2022-03-10 00:00:00.000000', '2008-01-09', 'Vanny Rowett', 2010, 'ba2e10bd-07d9-4f20-b775-e49f790c689b.jpg', 'vNDxAlp', 3, '2022-03-10 00:00:00.000000', 2),
	(423, 'gstoterbq', 2012, '378 Chinook Park', '2022-03-10 00:00:00.000000', '2007-05-13', 'Glendon Stoter', 1997, 'c465e4c5-7c72-49a8-bf7b-dbb16ad1303c.jpg', 'TNaKrbJQ2j', 2, '2022-03-10 00:00:00.000000', 2),
	(424, 'wskirrowbr', 1995, '2012 Blue Bill Park Street', '2022-03-10 00:00:00.000000', '2010-01-22', 'Whitney Skirrow', 1995, 'df837bb7-4e16-47f1-8fa4-d91e7ab49227.jpg', 'pjQ9jeib', 2, '2022-03-10 00:00:00.000000', 6),
	(425, 'wwroughtonbs', 2005, '84735 Bluestem Avenue', '2022-03-10 00:00:00.000000', '2009-07-31', 'Wainwright Wroughton', 1997, 'a8f73bc8-d6d9-40d9-8a2d-5807c01dbba8.jpg', 'wJE2f7f', 1, '2022-03-10 00:00:00.000000', 5),
	(426, 'cwandrachbt', 2006, '888 Mccormick Trail', '2022-03-10 00:00:00.000000', '2008-12-03', 'Carver Wandrach', 1984, '857669c2-0c68-43c1-9049-4576d9649197.jpg', 'lmnVcTR', 3, '2022-03-10 00:00:00.000000', 6),
	(427, 'jeardbu', 2012, '77 Calypso Road', '2022-03-10 00:00:00.000000', '2007-04-10', 'Jerrine Eard', 2002, 'ba2e10bd-07d9-4f20-b775-e49f790c689b.jpg', 'qeFGpFQKTn', 2, '2022-03-10 00:00:00.000000', 2),
	(428, 'hbearcockbv', 1965, '08 Service Court', '2022-03-10 00:00:00.000000', '2008-02-26', 'Herold Bearcock', 2013, 'c465e4c5-7c72-49a8-bf7b-dbb16ad1303c.jpg', 'IWrqGm0ri', 1, '2022-03-10 00:00:00.000000', 5),
	(429, 'plattinbw', 1989, '83 Loftsgordon Alley', '2022-03-10 00:00:00.000000', '2007-09-29', 'Philomena Lattin', 2004, 'df837bb7-4e16-47f1-8fa4-d91e7ab49227.jpg', 'eGPOz69dGWkp', 2, '2022-03-10 00:00:00.000000', 7),
	(430, 'jverrillsbx', 2005, '309 Monument Center', '2022-03-10 00:00:00.000000', '2009-09-21', 'June Verrills', 1994, 'a8f73bc8-d6d9-40d9-8a2d-5807c01dbba8.jpg', 'h2thZT', 2, '2022-03-10 00:00:00.000000', 3),
	(431, 'cbinchby', 2003, '8767 Manley Point', '2022-03-10 00:00:00.000000', '2008-06-19', 'Clair Binch', 2011, '857669c2-0c68-43c1-9049-4576d9649197.jpg', 'nQFRTw1Srv', 3, '2022-03-10 00:00:00.000000', 9),
	(432, 'cleipeltbz', 1997, '8 Delladonna Way', '2022-03-10 00:00:00.000000', '2008-01-08', 'Cortney Leipelt', 1988, 'ba2e10bd-07d9-4f20-b775-e49f790c689b.jpg', 'EHBgCVsKv', 1, '2022-03-10 00:00:00.000000', 8),
	(433, 'ggoodyc0', 1997, '5459 Glendale Drive', '2022-03-10 00:00:00.000000', '2008-10-28', 'Giordano Goody', 2008, 'c465e4c5-7c72-49a8-bf7b-dbb16ad1303c.jpg', 'LOAh1K', 2, '2022-03-10 00:00:00.000000', 1),
	(434, 'ymackerethc1', 1990, '1 Express Hill', '2022-03-10 00:00:00.000000', '2007-09-22', 'Yard MacKereth', 1993, 'df837bb7-4e16-47f1-8fa4-d91e7ab49227.jpg', 'lEi7rIO', 3, '2022-03-10 00:00:00.000000', 4),
	(435, 'mhuzzayc2', 2000, '0629 Tomscot Pass', '2022-03-10 00:00:00.000000', '2008-03-16', 'Marthe Huzzay', 2012, 'a8f73bc8-d6d9-40d9-8a2d-5807c01dbba8.jpg', 'JArBq6', 1, '2022-03-10 00:00:00.000000', 4),
	(436, 'lbaertc3', 2000, '2 Green Ridge Junction', '2022-03-10 00:00:00.000000', '2009-12-31', 'Loy Baert', 2006, '857669c2-0c68-43c1-9049-4576d9649197.jpg', 'yY1e70H', 3, '2022-03-10 00:00:00.000000', 1),
	(437, 'lkeepingc4', 1984, '488 4th Center', '2022-03-10 00:00:00.000000', '2008-04-03', 'Lamont Keeping', 2009, 'ba2e10bd-07d9-4f20-b775-e49f790c689b.jpg', 'apxqk2', 2, '2022-03-10 00:00:00.000000', 2),
	(438, 'mcorringhamc5', 2008, '1 Farmco Trail', '2022-03-10 00:00:00.000000', '2007-09-28', 'Meaghan Corringham', 2007, 'c465e4c5-7c72-49a8-bf7b-dbb16ad1303c.jpg', '2Tf1dT2Z5jNH', 2, '2022-03-10 00:00:00.000000', 4),
	(439, 'kdownec6', 1996, '0801 Waubesa Drive', '2022-03-10 00:00:00.000000', '2009-03-23', 'Kelly Downe', 2001, 'df837bb7-4e16-47f1-8fa4-d91e7ab49227.jpg', 'AObDzZlGG', 3, '2022-03-10 00:00:00.000000', 5),
	(440, 'rglosterc7', 2004, '570 Village Avenue', '2022-03-10 00:00:00.000000', '2007-12-10', 'Robina Gloster', 2009, 'a8f73bc8-d6d9-40d9-8a2d-5807c01dbba8.jpg', 'Rp6VmMFp6xH', 3, '2022-03-10 00:00:00.000000', 1),
	(441, 'dandrinic8', 1998, '46 Stoughton Lane', '2022-03-10 00:00:00.000000', '2009-06-29', 'Daisy Andrini', 2009, '857669c2-0c68-43c1-9049-4576d9649197.jpg', 'EwkRfoH', 2, '2022-03-10 00:00:00.000000', 7),
	(442, 'trohlfc9', 1996, '9 Hovde Alley', '2022-03-10 00:00:00.000000', '2007-11-18', 'Theodora Rohlf', 2007, 'ba2e10bd-07d9-4f20-b775-e49f790c689b.jpg', 'Nf7wBqETum', 1, '2022-03-10 00:00:00.000000', 9),
	(443, 'jbigginca', 2009, '54 Northwestern Court', '2022-03-10 00:00:00.000000', '2009-01-10', 'Juan Biggin', 2012, 'c465e4c5-7c72-49a8-bf7b-dbb16ad1303c.jpg', 'FjkZXH0LfSXJ', 1, '2022-03-10 00:00:00.000000', 8),
	(444, 'kmartcb', 2008, '2973 Manufacturers Circle', '2022-03-10 00:00:00.000000', '2008-06-27', 'Kimble Mart', 2012, 'df837bb7-4e16-47f1-8fa4-d91e7ab49227.jpg', 'T7jsJhLN069', 1, '2022-03-10 00:00:00.000000', 11),
	(445, 'bwenderothcc', 2007, '0196 Bluejay Circle', '2022-03-10 00:00:00.000000', '2007-12-14', 'Barbara Wenderoth', 1998, 'a8f73bc8-d6d9-40d9-8a2d-5807c01dbba8.jpg', '06Uw0C', 3, '2022-03-10 00:00:00.000000', 12),
	(446, 'mpettingercd', 1996, '308 Vidon Point', '2022-03-10 00:00:00.000000', '2009-01-25', 'Monica Pettinger', 2009, '857669c2-0c68-43c1-9049-4576d9649197.jpg', '9H2aqIiW', 2, '2022-03-10 00:00:00.000000', 6),
	(447, 'mchesnayce', 1993, '033 Riverside Plaza', '2022-03-10 00:00:00.000000', '2008-01-02', 'Maure Chesnay', 1987, 'ba2e10bd-07d9-4f20-b775-e49f790c689b.jpg', 'Xs3o0FdsC', 1, '2022-03-10 00:00:00.000000', 4),
	(448, 'matheycf', 2010, '821 Holmberg Street', '2022-03-10 00:00:00.000000', '2008-08-28', 'Magdalen Athey', 2010, 'c465e4c5-7c72-49a8-bf7b-dbb16ad1303c.jpg', 'y9L7dWHo', 1, '2022-03-10 00:00:00.000000', 4),
	(449, 'spetfordcg', 1996, '372 Crownhardt Trail', '2022-03-10 00:00:00.000000', '2009-02-17', 'Stern Petford', 1996, 'df837bb7-4e16-47f1-8fa4-d91e7ab49227.jpg', 'QTKo6MFHdRP', 3, '2022-03-10 00:00:00.000000', 12),
	(450, 'mscotterch', 1995, '03 Roxbury Alley', '2022-03-10 00:00:00.000000', '2009-12-10', 'Mia Scotter', 1985, 'a8f73bc8-d6d9-40d9-8a2d-5807c01dbba8.jpg', 'PDM7Bs7b2', 3, '2022-03-10 00:00:00.000000', 7),
	(451, 'gjimeci', 1999, '2 Huxley Street', '2022-03-10 00:00:00.000000', '2008-10-02', 'Garold Jime', 2010, '857669c2-0c68-43c1-9049-4576d9649197.jpg', 'j56MP7je', 1, '2022-03-10 00:00:00.000000', 1),
	(452, 'bfannercj', 2003, '726 Jay Point', '2022-03-10 00:00:00.000000', '2008-08-02', 'Belia Fanner', 1998, 'ba2e10bd-07d9-4f20-b775-e49f790c689b.jpg', 'VQbJFtpJfSi7', 1, '2022-03-10 00:00:00.000000', 8),
	(453, 'bhundleyck', 1992, '9 Meadow Vale Crossing', '2022-03-10 00:00:00.000000', '2009-11-17', 'Bartel Hundley', 1998, 'c465e4c5-7c72-49a8-bf7b-dbb16ad1303c.jpg', 'wkqUB8', 3, '2022-03-10 00:00:00.000000', 12),
	(454, 'soverthrowcl', 2002, '4 Londonderry Hill', '2022-03-10 00:00:00.000000', '2008-07-23', 'Shaina Overthrow', 2005, 'df837bb7-4e16-47f1-8fa4-d91e7ab49227.jpg', 'ycciRjxPc7g4', 2, '2022-03-10 00:00:00.000000', 12),
	(455, 'jaggettcm', 1984, '37 Sauthoff Drive', '2022-03-10 00:00:00.000000', '2007-10-08', 'Jaquelyn Aggett', 2008, 'a8f73bc8-d6d9-40d9-8a2d-5807c01dbba8.jpg', 'APthLALh', 3, '2022-03-10 00:00:00.000000', 8),
	(456, 'aramardcn', 1985, '28001 Jay Court', '2022-03-10 00:00:00.000000', '2008-02-18', 'Anatole Ramard', 1999, '857669c2-0c68-43c1-9049-4576d9649197.jpg', 'f9w8qnKLewoV', 2, '2022-03-10 00:00:00.000000', 6),
	(457, 'jmosleyco', 2011, '2 Brentwood Terrace', '2022-03-10 00:00:00.000000', '2008-04-17', 'Johan Mosley', 2000, 'ba2e10bd-07d9-4f20-b775-e49f790c689b.jpg', 'n55NLoS3Bpn', 3, '2022-03-10 00:00:00.000000', 12),
	(458, 'ghupecp', 1986, '97 Southridge Junction', '2022-03-10 00:00:00.000000', '2007-12-26', 'Godart Hupe', 1986, 'c465e4c5-7c72-49a8-bf7b-dbb16ad1303c.jpg', '6vBKg4NY', 3, '2022-03-10 00:00:00.000000', 2),
	(459, 'mdicq', 2004, '1047 Bartillon Terrace', '2022-03-10 00:00:00.000000', '2008-11-29', 'Melinda Di Domenico', 1997, 'df837bb7-4e16-47f1-8fa4-d91e7ab49227.jpg', 'LvLnrcuznvvj', 1, '2022-03-10 00:00:00.000000', 11),
	(460, 'rruseworthcr', 2006, '397 Crescent Oaks Avenue', '2022-03-10 00:00:00.000000', '2010-02-25', 'Renelle Ruseworth', 2003, 'a8f73bc8-d6d9-40d9-8a2d-5807c01dbba8.jpg', 'l3FgeweOK0C', 1, '2022-03-10 00:00:00.000000', 3),
	(461, 'mstannioncs', 1992, '98541 Eagle Crest Parkway', '2022-03-10 00:00:00.000000', '2009-12-27', 'Maurise Stannion', 2009, '857669c2-0c68-43c1-9049-4576d9649197.jpg', 'WICZEV', 1, '2022-03-10 00:00:00.000000', 12),
	(462, 'tstallonct', 2009, '1 Dixon Way', '2022-03-10 00:00:00.000000', '2008-01-03', 'Tanner Stallon', 1997, 'ba2e10bd-07d9-4f20-b775-e49f790c689b.jpg', 'jEcXiMgdf', 1, '2022-03-10 00:00:00.000000', 6),
	(463, 'greynardcu', 1987, '6160 Clemons Center', '2022-03-10 00:00:00.000000', '2009-06-26', 'Goran Reynard', 1999, 'c465e4c5-7c72-49a8-bf7b-dbb16ad1303c.jpg', 'DrcyGkPDe9cv', 1, '2022-03-10 00:00:00.000000', 9),
	(464, 'tjohanningcv', 2000, '2435 Dovetail Hill', '2022-03-10 00:00:00.000000', '2008-07-07', 'Trev Johanning', 1993, 'df837bb7-4e16-47f1-8fa4-d91e7ab49227.jpg', 'Qm89VG21Wm', 1, '2022-03-10 00:00:00.000000', 3),
	(465, 'cmckechniecw', 2012, '29970 Mccormick Hill', '2022-03-10 00:00:00.000000', '2008-11-18', 'Christos McKechnie', 2002, 'a8f73bc8-d6d9-40d9-8a2d-5807c01dbba8.jpg', 'PKuT0F', 3, '2022-03-10 00:00:00.000000', 12),
	(466, 'gtheobaldcx', 1999, '81 Northwestern Point', '2022-03-10 00:00:00.000000', '2009-02-22', 'Guthrie Theobald', 2005, '857669c2-0c68-43c1-9049-4576d9649197.jpg', '4tXLH4h', 1, '2022-03-10 00:00:00.000000', 8),
	(467, 'vbilliardcy', 2001, '83203 Laurel Crossing', '2022-03-10 00:00:00.000000', '2008-06-04', 'Valeria Billiard', 1986, 'ba2e10bd-07d9-4f20-b775-e49f790c689b.jpg', 'B66S9LCBBN', 1, '2022-03-10 00:00:00.000000', 7),
	(468, 'llukasencz', 1992, '44 Jana Street', '2022-03-10 00:00:00.000000', '2009-06-09', 'Lionello Lukasen', 2011, 'c465e4c5-7c72-49a8-bf7b-dbb16ad1303c.jpg', 'WYBS72', 3, '2022-03-10 00:00:00.000000', 9),
	(469, 'cantonid0', 2011, '648 Texas Plaza', '2022-03-10 00:00:00.000000', '2009-10-08', 'Cherin Antoni', 2007, 'df837bb7-4e16-47f1-8fa4-d91e7ab49227.jpg', 'vyYsMLr', 1, '2022-03-10 00:00:00.000000', 5),
	(470, 'sdockwrad1', 2008, '77 Hayes Point', '2022-03-10 00:00:00.000000', '2008-06-23', 'Sherlocke Dockwra', 2011, 'a8f73bc8-d6d9-40d9-8a2d-5807c01dbba8.jpg', 'oJQCb9H9S', 2, '2022-03-10 00:00:00.000000', 11),
	(471, 'rbloomand2', 1984, '90 Harbort Park', '2022-03-10 00:00:00.000000', '2007-09-23', 'Ruperta Blooman', 2002, '857669c2-0c68-43c1-9049-4576d9649197.jpg', 'jgxnoTUcdnD', 3, '2022-03-10 00:00:00.000000', 5),
	(472, 'emckellerd3', 2008, '7 Birchwood Court', '2022-03-10 00:00:00.000000', '2009-10-31', 'Etti McKeller', 2002, 'ba2e10bd-07d9-4f20-b775-e49f790c689b.jpg', 'cOAHHx', 3, '2022-03-10 00:00:00.000000', 8),
	(473, 'mstirrupd4', 2003, '83590 Farragut Court', '2022-03-10 00:00:00.000000', '2008-08-17', 'Malcolm Stirrup', 2009, 'c465e4c5-7c72-49a8-bf7b-dbb16ad1303c.jpg', 'PImqN9awU1AZ', 3, '2022-03-10 00:00:00.000000', 3),
	(474, 'iwackettd5', 2010, '54445 Bayside Parkway', '2022-03-10 00:00:00.000000', '2008-01-21', 'Ivie Wackett', 1992, 'df837bb7-4e16-47f1-8fa4-d91e7ab49227.jpg', 'XJu4qE4', 2, '2022-03-10 00:00:00.000000', 1),
	(475, 'ctookilld6', 2005, '5 Sutteridge Point', '2022-03-10 00:00:00.000000', '2007-06-23', 'Cornelius Tookill', 1993, 'a8f73bc8-d6d9-40d9-8a2d-5807c01dbba8.jpg', '9vJVQTzCF', 3, '2022-03-10 00:00:00.000000', 11),
	(476, 'nnerneyd7', 2001, '02 Gina Circle', '2022-03-10 00:00:00.000000', '2007-05-12', 'Nicol Nerney', 2001, '857669c2-0c68-43c1-9049-4576d9649197.jpg', 'RhiRdf4M', 3, '2022-03-10 00:00:00.000000', 11),
	(477, 'dnewisd8', 2001, '50 Kropf Court', '2022-03-10 00:00:00.000000', '2007-05-16', 'Dyan Newis', 1999, 'ba2e10bd-07d9-4f20-b775-e49f790c689b.jpg', '8QIOFYGjlHT1', 3, '2022-03-10 00:00:00.000000', 4),
	(478, 'dbeardsdaled9', 2005, '6 4th Lane', '2022-03-10 00:00:00.000000', '2008-09-06', 'Daniella Beardsdale', 2000, 'c465e4c5-7c72-49a8-bf7b-dbb16ad1303c.jpg', 'd6nLHbICypb', 1, '2022-03-10 00:00:00.000000', 7),
	(479, 'fcartnerda', 2004, '2802 4th Circle', '2022-03-10 00:00:00.000000', '2008-11-07', 'Fergus Cartner', 2012, 'df837bb7-4e16-47f1-8fa4-d91e7ab49227.jpg', 'VitYe9MzAMV', 2, '2022-03-10 00:00:00.000000', 9),
	(480, 'wticicdb', 2003, '730 Anniversary Center', '2022-03-10 00:00:00.000000', '2007-08-11', 'Waly Ticic', 2004, 'a8f73bc8-d6d9-40d9-8a2d-5807c01dbba8.jpg', 'DE5Yx3', 1, '2022-03-10 00:00:00.000000', 5),
	(481, 'ssilversmiddc', 2012, '97 Westend Way', '2022-03-10 00:00:00.000000', '2008-02-16', 'Sylvia Silversmid', 2011, '857669c2-0c68-43c1-9049-4576d9649197.jpg', '2nrdRrlfiq', 2, '2022-03-10 00:00:00.000000', 6),
	(482, 'aduligaldd', 1995, '8251 Westend Center', '2022-03-10 00:00:00.000000', '2009-08-10', 'Archambault Duligal', 1993, 'ba2e10bd-07d9-4f20-b775-e49f790c689b.jpg', 'e5XhHcFdQcpP', 3, '2022-03-10 00:00:00.000000', 7),
	(483, 'lstaytde', 2003, '121 Ryan Street', '2022-03-10 00:00:00.000000', '2008-08-05', 'Linn Stayt', 1998, 'c465e4c5-7c72-49a8-bf7b-dbb16ad1303c.jpg', 'WeIJ01lUKqn', 1, '2022-03-10 00:00:00.000000', 11),
	(484, 'dtrustramdf', 2007, '04 Prairieview Way', '2022-03-10 00:00:00.000000', '2009-10-13', 'Doyle Trustram', 1990, 'df837bb7-4e16-47f1-8fa4-d91e7ab49227.jpg', 'tvLXhhTRZr', 2, '2022-03-10 00:00:00.000000', 6),
	(485, 'mstrippdg', 2009, '8245 Michigan Drive', '2022-03-10 00:00:00.000000', '2009-02-12', 'Maure Stripp', 1998, 'a8f73bc8-d6d9-40d9-8a2d-5807c01dbba8.jpg', 'Bhk0Ut', 2, '2022-03-10 00:00:00.000000', 2),
	(486, 'igeldeforddh', 2001, '809 Sachtjen Park', '2022-03-10 00:00:00.000000', '2008-05-01', 'Issie Geldeford', 2005, '857669c2-0c68-43c1-9049-4576d9649197.jpg', 'I8JmTSs', 2, '2022-03-10 00:00:00.000000', 11),
	(487, 'dalwooddi', 2003, '8456 Pierstorff Avenue', '2022-03-10 00:00:00.000000', '2008-07-20', 'Dayle Alwood', 1998, 'ba2e10bd-07d9-4f20-b775-e49f790c689b.jpg', '7nvR87Y2Hpc', 1, '2022-03-10 00:00:00.000000', 9),
	(488, 'odabeldj', 1996, '955 Harper Crossing', '2022-03-10 00:00:00.000000', '2009-09-28', 'Orton Dabel', 2011, 'c465e4c5-7c72-49a8-bf7b-dbb16ad1303c.jpg', '3fHv6ZE', 3, '2022-03-10 00:00:00.000000', 4),
	(489, 'edarrigodk', 1987, '658 Norway Maple Plaza', '2022-03-10 00:00:00.000000', '2009-08-09', 'Ethelind D\'Arrigo', 2010, 'df837bb7-4e16-47f1-8fa4-d91e7ab49227.jpg', '8INmhULSpNO', 3, '2022-03-10 00:00:00.000000', 7),
	(490, 'dbartellidl', 2011, '3402 Southridge Way', '2022-03-10 00:00:00.000000', '2010-01-18', 'Delia Bartelli', 2013, 'a8f73bc8-d6d9-40d9-8a2d-5807c01dbba8.jpg', 'WBF17iyZAv', 3, '2022-03-10 00:00:00.000000', 7),
	(491, 'garpedm', 1999, '2 Lake View Pass', '2022-03-10 00:00:00.000000', '2009-02-28', 'Gunilla Arpe', 2010, '857669c2-0c68-43c1-9049-4576d9649197.jpg', 'FrHn3skw', 2, '2022-03-10 00:00:00.000000', 9),
	(492, 'ksabbinsdn', 1999, '13 Troy Street', '2022-03-10 00:00:00.000000', '2008-07-20', 'Kamila Sabbins', 1996, 'ba2e10bd-07d9-4f20-b775-e49f790c689b.jpg', 'vkrc1JpT0', 1, '2022-03-10 00:00:00.000000', 11),
	(493, 'rharvettdo', 2012, '17 Arkansas Way', '2022-03-10 00:00:00.000000', '2008-10-11', 'Rod Harvett', 2012, 'c465e4c5-7c72-49a8-bf7b-dbb16ad1303c.jpg', 'LOhhRDP', 3, '2022-03-10 00:00:00.000000', 5),
	(494, 'ttimmisdp', 2013, '3987 Fairview Hill', '2022-03-10 00:00:00.000000', '2007-10-22', 'Taffy Timmis', 1994, 'df837bb7-4e16-47f1-8fa4-d91e7ab49227.jpg', 'PBeQlm3A', 3, '2022-03-10 00:00:00.000000', 5),
	(495, 'mhiomdq', 1990, '8 Everett Road', '2022-03-10 00:00:00.000000', '2009-07-15', 'Maxie Hiom', 2007, 'a8f73bc8-d6d9-40d9-8a2d-5807c01dbba8.jpg', 'xQLza3akU', 1, '2022-03-10 00:00:00.000000', 7),
	(496, 'sloddydr', 2008, '718 Waubesa Avenue', '2022-03-10 00:00:00.000000', '2009-05-18', 'Salomo Loddy', 2004, '857669c2-0c68-43c1-9049-4576d9649197.jpg', 'ZP38ZGmh', 2, '2022-03-10 00:00:00.000000', 3),
	(497, 'khearsonds', 1992, '3183 Drewry Parkway', '2022-03-10 00:00:00.000000', '2009-11-19', 'Korry Hearson', 2007, 'ba2e10bd-07d9-4f20-b775-e49f790c689b.jpg', 'gu8kdc4N3qsI', 2, '2022-03-10 00:00:00.000000', 5),
	(498, 'bshankledt', 2012, '339 Carey Trail', '2022-03-10 00:00:00.000000', '2010-03-01', 'Bertie Shankle', 1998, 'df837bb7-4e16-47f1-8fa4-d91e7ab49227.jpg', 'QCmZAU6lAH', 1, '2022-03-10 00:00:00.000000', 2),
	(499, 'skiddedu', 2006, '604 Victoria Road', '2022-03-10 00:00:00.000000', '2008-03-04', 'Sibylle Kidde', 1993, 'a8f73bc8-d6d9-40d9-8a2d-5807c01dbba8.jpg', 'pZXH8eQ', 2, '2022-03-10 00:00:00.000000', 1),
	(500, 'hnewgroshdv', 2006, '3 Main Drive', '2022-03-10 00:00:00.000000', '2008-05-02', 'Hazlett Newgrosh', 1993, 'df837bb7-4e16-47f1-8fa4-d91e7ab49227.jpg', 'XafnLM1', 1, '2022-03-10 00:00:00.000000', 4);
/*!40000 ALTER TABLE `student` ENABLE KEYS */;

-- Dumping structure for table school_management.student_evaluate
CREATE TABLE IF NOT EXISTS `student_evaluate` (
  `id` int NOT NULL,
  `academic_ability` int DEFAULT NULL,
  `conduct` int DEFAULT NULL,
  `created_date` datetime(6) DEFAULT NULL,
  `evaluate` varchar(255) DEFAULT NULL,
  `semester` int DEFAULT NULL,
  `updated_date` datetime(6) DEFAULT NULL,
  `created_by` int DEFAULT NULL,
  `updated_by` int DEFAULT NULL,
  `student_id` int NOT NULL AUTO_INCREMENT,
  `class_id` int NOT NULL,
  PRIMARY KEY (`student_id`,`class_id`),
  KEY `FK7uyfqp7ix83nb096c55oqnr3y` (`created_by`),
  KEY `FK7r0pnaycxkc9v6hsjsblq9v51` (`updated_by`),
  KEY `FK4quyfchyfgpv037oy2seq38ku` (`class_id`),
  CONSTRAINT `FK4quyfchyfgpv037oy2seq38ku` FOREIGN KEY (`class_id`) REFERENCES `class` (`id`),
  CONSTRAINT `FK73jn5ijl2plb5g4qegcuk5889` FOREIGN KEY (`student_id`) REFERENCES `student` (`id`),
  CONSTRAINT `FK7r0pnaycxkc9v6hsjsblq9v51` FOREIGN KEY (`updated_by`) REFERENCES `user` (`id`),
  CONSTRAINT `FK7uyfqp7ix83nb096c55oqnr3y` FOREIGN KEY (`created_by`) REFERENCES `user` (`id`)
) ENGINE=InnoDB DEFAULT CHARSET=utf8mb3;

-- Dumping data for table school_management.student_evaluate: ~0 rows (approximately)
DELETE FROM `student_evaluate`;
/*!40000 ALTER TABLE `student_evaluate` DISABLE KEYS */;
/*!40000 ALTER TABLE `student_evaluate` ENABLE KEYS */;

-- Dumping structure for table school_management.subjects
CREATE TABLE IF NOT EXISTS `subjects` (
  `id` int NOT NULL AUTO_INCREMENT,
  `subject_name` varchar(255) DEFAULT NULL,
  PRIMARY KEY (`id`)
) ENGINE=InnoDB AUTO_INCREMENT=10 DEFAULT CHARSET=utf8mb3;

-- Dumping data for table school_management.subjects: ~9 rows (approximately)
DELETE FROM `subjects`;
/*!40000 ALTER TABLE `subjects` DISABLE KEYS */;
INSERT INTO `subjects` (`id`, `subject_name`) VALUES
	(1, 'Maths'),
	(2, 'Literature'),
	(3, 'English'),
	(4, 'History'),
	(5, 'Physics'),
	(6, 'Chemistry'),
	(7, 'Civic Education'),
	(8, 'Biology'),
	(9, 'Physical Education');
/*!40000 ALTER TABLE `subjects` ENABLE KEYS */;

-- Dumping structure for table school_management.teacher_subjects
CREATE TABLE IF NOT EXISTS `teacher_subjects` (
  `subject_id` int NOT NULL,
  `user_id` int NOT NULL,
  PRIMARY KEY (`subject_id`,`user_id`),
  KEY `FKockx0rkpkmbpvxh9ftrmgrx4q` (`user_id`),
  CONSTRAINT `FKdweqkwxroox2u7pbmksehx04i` FOREIGN KEY (`subject_id`) REFERENCES `subjects` (`id`),
  CONSTRAINT `FKockx0rkpkmbpvxh9ftrmgrx4q` FOREIGN KEY (`user_id`) REFERENCES `user` (`id`)
) ENGINE=InnoDB DEFAULT CHARSET=utf8mb3;

-- Dumping data for table school_management.teacher_subjects: ~100 rows (approximately)
DELETE FROM `teacher_subjects`;
/*!40000 ALTER TABLE `teacher_subjects` DISABLE KEYS */;
INSERT INTO `teacher_subjects` (`subject_id`, `user_id`) VALUES
	(1, 1),
	(9, 2),
	(2, 3),
	(3, 4),
	(9, 5),
	(2, 6),
	(8, 7),
	(4, 8),
	(4, 9),
	(4, 10),
	(2, 11),
	(9, 12),
	(6, 13),
	(2, 14),
	(8, 15),
	(3, 16),
	(9, 17),
	(3, 18),
	(5, 19),
	(4, 20),
	(4, 21),
	(5, 22),
	(1, 23),
	(7, 24),
	(5, 25),
	(1, 26),
	(9, 27),
	(3, 28),
	(2, 29),
	(8, 30),
	(3, 31),
	(8, 32),
	(4, 33),
	(3, 34),
	(4, 35),
	(6, 36),
	(3, 37),
	(8, 38),
	(2, 39),
	(6, 40),
	(1, 41),
	(3, 42),
	(4, 43),
	(1, 44),
	(2, 45),
	(9, 46),
	(4, 47),
	(4, 48),
	(6, 49),
	(4, 50),
	(7, 51),
	(9, 52),
	(9, 53),
	(2, 54),
	(4, 55),
	(9, 56),
	(7, 57),
	(5, 58),
	(9, 59),
	(7, 60),
	(6, 61),
	(1, 62),
	(6, 63),
	(3, 64),
	(4, 65),
	(5, 66),
	(4, 67),
	(6, 68),
	(8, 69),
	(8, 70),
	(5, 71),
	(5, 72),
	(1, 73),
	(1, 74),
	(1, 75),
	(8, 76),
	(3, 77),
	(2, 78),
	(9, 79),
	(2, 80),
	(8, 81),
	(1, 82),
	(1, 83),
	(3, 84),
	(2, 85),
	(9, 86),
	(7, 87),
	(2, 88),
	(3, 89),
	(1, 90),
	(5, 91),
	(4, 92),
	(5, 93),
	(7, 94),
	(3, 95),
	(9, 96),
	(9, 97),
	(8, 98),
	(5, 99),
	(9, 100);
/*!40000 ALTER TABLE `teacher_subjects` ENABLE KEYS */;

-- Dumping structure for table school_management.user
CREATE TABLE IF NOT EXISTS `user` (
  `id` int NOT NULL AUTO_INCREMENT,
  `address` varchar(255) NOT NULL,
  `created_date` datetime(6) NOT NULL,
  `deleted` bit(1) NOT NULL,
  `dob` date NOT NULL,
  `email` varchar(255) NOT NULL,
  `end_date` date NOT NULL,
  `full_name` varchar(255) NOT NULL,
  `image` varchar(255) DEFAULT NULL,
  `password` varchar(255) NOT NULL,
  `phone` varchar(255) NOT NULL,
  `start_date` date NOT NULL,
  `updated_date` datetime(6) NOT NULL,
  `username` varchar(255) NOT NULL,
  PRIMARY KEY (`id`),
  UNIQUE KEY `UK_ob8kqyqqgmefl0aco34akdtpe` (`email`),
  UNIQUE KEY `UK_sb8bbouer5wak8vyiiy4pf2bx` (`username`)
) ENGINE=InnoDB AUTO_INCREMENT=103 DEFAULT CHARSET=utf8mb3;

-- Dumping data for table school_management.user: ~101 rows (approximately)
DELETE FROM `user`;
/*!40000 ALTER TABLE `user` DISABLE KEYS */;
INSERT INTO `user` (`id`, `address`, `created_date`, `deleted`, `dob`, `email`, `end_date`, `full_name`, `image`, `password`, `phone`, `start_date`, `updated_date`, `username`) VALUES
	(1, '67065 Dovetail Terrace', '2022-03-10 10:29:00.000000', b'0', '2002-08-08', 'gblacksell0@gnu.org', '2025-04-26', 'Giraud Blacksell', 'e60c24c5-6a46-4a9b-9675-27fcdd312709.png', '', '6696218170', '2022-04-05', '2022-03-10 15:38:51.264529', 'gblacksell0'),
	(2, '99053 Nancy Point', '2022-06-19 07:34:27.000000', b'0', '2002-09-22', 'dheskin1@sogou.com', '2025-01-20', 'Dimitri Heskin', 'e60c24c5-6a46-4a9b-9675-27fcdd312709.png', 'bgYTYCTyupS', '7075727777', '2022-08-20', '2022-06-05 17:36:19.000000', 'dheskin1'),
	(3, '56 Vera Place', '2022-10-04 02:29:50.000000', b'1', '2002-09-19', 'dcarlsson2@ca.gov', '2025-05-28', 'Dennie Carlsson', 'e60c24c5-6a46-4a9b-9675-27fcdd312709.png', 'zML22G07IW', '8014471502', '2022-02-10', '2022-05-28 09:35:51.000000', 'dcarlsson2'),
	(4, '7 Farmco Road', '2022-09-12 19:14:06.000000', b'1', '2002-08-16', 'ewilkins3@dmoz.org', '2025-10-09', 'Emanuele Wilkins', 'e60c24c5-6a46-4a9b-9675-27fcdd312709.png', 'YPCK8f7', '2017485010', '2022-08-13', '2022-08-28 04:42:54.000000', 'ewilkins3'),
	(5, '3574 Westridge Hill', '2022-06-14 07:24:43.000000', b'1', '2002-06-18', 'aclulee4@canalblog.com', '2025-03-04', 'Adelina Clulee', 'e60c24c5-6a46-4a9b-9675-27fcdd312709.png', 'bMbFzFUY5', '6554676810', '2022-02-17', '2022-09-08 02:01:05.000000', 'aclulee4'),
	(6, '1906 3rd Hill', '2022-07-14 10:48:50.000000', b'0', '2002-02-02', 'ldurdan5@barnesandnoble.com', '2025-11-05', 'Lazarus Durdan', 'e60c24c5-6a46-4a9b-9675-27fcdd312709.png', 'r7ca9xZVP', '4159390219', '2022-12-27', '2022-08-08 22:14:04.000000', 'ldurdan5'),
	(7, '91 Sugar Street', '2022-04-27 10:19:05.000000', b'1', '2002-03-16', 'rgritsunov6@dailymotion.com', '2025-05-31', 'Ryley Gritsunov', 'e60c24c5-6a46-4a9b-9675-27fcdd312709.png', 'V156BrNmbvu', '6349242705', '2022-09-04', '2022-11-23 10:57:31.000000', 'rgritsunov6'),
	(8, '89491 Scoville Trail', '2022-06-20 15:57:44.000000', b'0', '2002-08-02', 'jjoddens7@issuu.com', '2025-03-10', 'Johnny Joddens', 'e60c24c5-6a46-4a9b-9675-27fcdd312709.png', 'GJOD462v', '2231629949', '2022-08-15', '2022-06-28 15:06:42.000000', 'jjoddens7'),
	(9, '36 Homewood Pass', '2022-03-17 19:57:20.000000', b'1', '2002-08-05', 'npettus8@privacy.gov.au', '2025-10-16', 'Nikkie Pettus', 'e60c24c5-6a46-4a9b-9675-27fcdd312709.png', 'K99NSinMRN', '3498661044', '2022-09-11', '2022-11-24 08:11:42.000000', 'npettus8'),
	(10, '156 Anniversary Point', '2022-06-09 19:12:51.000000', b'0', '2002-08-23', 'jlangcastle9@wix.com', '2025-07-30', 'Johannes Langcastle', 'e60c24c5-6a46-4a9b-9675-27fcdd312709.png', 'hSo24HnUF3c5', '7495090418', '2022-06-13', '2022-04-16 08:52:07.000000', 'jlangcastle9'),
	(11, '39678 Maple Wood Drive', '2022-06-08 08:09:33.000000', b'0', '2002-03-05', 'dmoinea@t-online.de', '2025-12-03', 'Delores Moine', 'e60c24c5-6a46-4a9b-9675-27fcdd312709.png', 'VHX3EK8AP21T', '7987706412', '2022-11-19', '2022-10-02 11:38:43.000000', 'dmoinea'),
	(12, '56953 Mcbride Alley', '2022-07-14 13:19:58.000000', b'0', '2002-07-20', 'rsallowsb@biblegateway.com', '2025-02-14', 'Reinhard Sallows', 'e60c24c5-6a46-4a9b-9675-27fcdd312709.png', 'oosDIH7jC', '4892868584', '2022-05-05', '2022-10-07 14:55:30.000000', 'rsallowsb'),
	(13, '51200 Toban Parkway', '2022-07-21 00:17:25.000000', b'0', '2002-11-29', 'achazettec@booking.com', '2025-10-24', 'Ardella Chazette', 'e60c24c5-6a46-4a9b-9675-27fcdd312709.png', 'IqPgkYEfd', '1666016879', '2022-04-08', '2022-10-16 04:02:38.000000', 'achazettec'),
	(14, '75656 Westend Way', '2022-08-25 16:06:37.000000', b'0', '2002-04-18', 'mslayd@skyrock.com', '2025-01-03', 'Max Slay', 'e60c24c5-6a46-4a9b-9675-27fcdd312709.png', 'yDg1Xo', '7366519680', '2022-02-06', '2022-08-18 21:42:20.000000', 'mslayd'),
	(15, '878 Carpenter Terrace', '2022-05-01 23:43:19.000000', b'0', '2002-09-09', 'tbenainee@sciencedirect.com', '2025-07-12', 'Taryn Benaine', 'e60c24c5-6a46-4a9b-9675-27fcdd312709.png', 'BJpYRh', '7833707376', '2022-03-19', '2022-08-27 15:52:44.000000', 'tbenainee'),
	(16, '845 Eagan Hill', '2022-09-14 05:52:00.000000', b'0', '2002-08-04', 'rcreganf@cmu.edu', '2025-04-23', 'Reggi Cregan', 'e60c24c5-6a46-4a9b-9675-27fcdd312709.png', 'afDnwIMFZ', '6099238375', '2022-02-12', '2022-05-05 04:17:58.000000', 'rcreganf'),
	(17, '0617 Mallory Lane', '2022-11-25 14:59:55.000000', b'1', '2002-10-18', 'jsteadmang@princeton.edu', '2025-11-08', 'Jill Steadman', 'e60c24c5-6a46-4a9b-9675-27fcdd312709.png', 'X5VLTZSQ2oF', '1978236753', '2022-09-16', '2022-03-18 11:27:38.000000', 'jsteadmang'),
	(18, '98 Golden Leaf Point', '2022-02-01 05:22:12.000000', b'1', '2002-12-28', 'slinsleyh@addthis.com', '2025-05-02', 'Simeon Linsley', 'e60c24c5-6a46-4a9b-9675-27fcdd312709.png', 'fpICV2BuO5qA', '6915823925', '2022-09-01', '2022-12-26 05:26:44.000000', 'slinsleyh'),
	(19, '41 7th Road', '2022-05-13 05:34:16.000000', b'0', '2002-05-09', 'mbartolomeui@arizona.edu', '2025-04-28', 'Meryl Bartolomeu', 'e60c24c5-6a46-4a9b-9675-27fcdd312709.png', 'Qm3aRF1c', '8147095239', '2022-01-31', '2022-11-16 05:15:56.000000', 'mbartolomeui'),
	(20, '588 Brickson Park Junction', '2022-12-18 04:24:41.000000', b'1', '2002-08-27', 'rchippj@va.gov', '2025-08-07', 'Raimondo Chipp', 'e60c24c5-6a46-4a9b-9675-27fcdd312709.png', 'cDfCzWDTzF0r', '3675110188', '2022-12-17', '2022-03-04 12:10:05.000000', 'rchippj'),
	(21, '577 Red Cloud Junction', '2022-05-07 16:39:49.000000', b'0', '2002-01-30', 'lgirhardk@amazon.com', '2025-07-26', 'Lind Girhard', 'e60c24c5-6a46-4a9b-9675-27fcdd312709.png', 'QC6jGUy', '4129431965', '2022-04-23', '2022-09-20 08:48:43.000000', 'lgirhardk'),
	(22, '993 Schlimgen Place', '2022-08-08 00:20:40.000000', b'0', '2002-06-09', 'ledwardesl@lulu.com', '2025-05-27', 'Leelah Edwardes', 'e60c24c5-6a46-4a9b-9675-27fcdd312709.png', 'XqQkSUg1', '8855836616', '2022-01-19', '2022-04-22 05:29:57.000000', 'ledwardesl'),
	(23, '1 John Wall Way', '2022-09-21 21:39:39.000000', b'0', '2002-08-14', 'rheathcottm@plala.or.jp', '2025-08-13', 'Rudy Heathcott', 'e60c24c5-6a46-4a9b-9675-27fcdd312709.png', 'JNg0XR2oS', '4565568632', '2022-06-28', '2022-06-19 18:05:14.000000', 'rheathcottm'),
	(24, '78965 Brentwood Drive', '2022-01-16 16:22:29.000000', b'1', '2002-07-14', 'lhallardn@photobucket.com', '2025-08-03', 'Llewellyn Hallard', 'e60c24c5-6a46-4a9b-9675-27fcdd312709.png', 'wad2V3KQy', '8501593731', '2022-05-25', '2022-07-20 14:57:43.000000', 'lhallardn'),
	(25, '45 Menomonie Terrace', '2022-10-24 21:55:44.000000', b'0', '2002-11-21', 'obuttrumo@ucsd.edu', '2025-06-26', 'Ogdan Buttrum', 'e60c24c5-6a46-4a9b-9675-27fcdd312709.png', 'JWMTmEF', '4844633052', '2022-07-06', '2022-10-23 00:09:49.000000', 'obuttrumo'),
	(26, '7 Blaine Pass', '2022-08-09 00:43:34.000000', b'0', '2002-05-19', 'fvigursp@omniture.com', '2025-07-11', 'Fabio Vigurs', 'e60c24c5-6a46-4a9b-9675-27fcdd312709.png', 'w3EY93R8WB', '4635057693', '2022-01-22', '2022-09-12 07:32:59.000000', 'fvigursp'),
	(27, '547 Hagan Hill', '2022-08-27 09:56:50.000000', b'0', '2002-02-15', 'acarssq@exblog.jp', '2025-03-25', 'Alwin Carss', 'e60c24c5-6a46-4a9b-9675-27fcdd312709.png', 'GhNBQ9bdL', '6118968767', '2022-05-10', '2022-12-19 10:26:08.000000', 'acarssq'),
	(28, '8711 Norway Maple Hill', '2022-07-31 02:16:50.000000', b'0', '2002-09-10', 'obuddingtonr@kickstarter.com', '2025-10-29', 'Ody Buddington', 'e60c24c5-6a46-4a9b-9675-27fcdd312709.png', 'xL5RD19pdXI', '5888811521', '2022-08-23', '2022-01-08 01:01:34.000000', 'obuddingtonr'),
	(29, '6847 Heffernan Place', '2022-03-05 16:53:28.000000', b'1', '2002-10-08', 'kschottlis@epa.gov', '2025-10-12', 'Kyla Schottli', 'e60c24c5-6a46-4a9b-9675-27fcdd312709.png', 'DhD4XBXe56N', '3544194422', '2022-08-27', '2022-07-11 02:55:16.000000', 'kschottlis'),
	(30, '4 Johnson Way', '2022-03-26 06:59:18.000000', b'1', '2002-11-05', 'cshippamt@nationalgeographic.com', '2025-09-29', 'Cicily Shippam', 'e60c24c5-6a46-4a9b-9675-27fcdd312709.png', 'HFVn9dSX0Z', '9388229693', '2022-12-15', '2022-10-19 15:37:11.000000', 'cshippamt'),
	(31, '29 Harper Place', '2022-05-15 13:55:49.000000', b'1', '2002-04-19', 'omedcraftu@livejournal.com', '2025-05-17', 'Orly Medcraft', 'e60c24c5-6a46-4a9b-9675-27fcdd312709.png', 'JDbQ9ap8zvd', '6539196598', '2022-08-12', '2022-06-09 01:46:58.000000', 'omedcraftu'),
	(32, '05 Ruskin Court', '2022-09-03 19:25:46.000000', b'1', '2002-09-21', 'bcavilv@goodreads.com', '2025-10-22', 'Brendis Cavil', 'e60c24c5-6a46-4a9b-9675-27fcdd312709.png', 'xmFqMR45Kn1', '7778733698', '2022-02-09', '2022-09-05 13:08:23.000000', 'bcavilv'),
	(33, '097 Golf View Place', '2022-09-22 01:09:03.000000', b'0', '2002-05-18', 'kbrunrothw@jiathis.com', '2025-11-08', 'Kiel Brunroth', 'e60c24c5-6a46-4a9b-9675-27fcdd312709.png', 'XfcHeu7TmG', '7136820865', '2022-12-10', '2022-12-14 07:52:33.000000', 'kbrunrothw'),
	(34, '57 Prairieview Place', '2022-02-10 16:59:59.000000', b'0', '2002-11-09', 'jstokellx@cyberchimps.com', '2025-03-14', 'Jenny Stokell', 'e60c24c5-6a46-4a9b-9675-27fcdd312709.png', 'DFshMVw6w1b5', '7345593044', '2022-06-17', '2022-01-01 04:39:26.000000', 'jstokellx'),
	(35, '0962 Barnett Court', '2022-05-12 01:53:54.000000', b'0', '2002-08-05', 'broundtreey@washington.edu', '2025-01-03', 'Beltran Roundtree', 'e60c24c5-6a46-4a9b-9675-27fcdd312709.png', 'PraalaI2MolE', '3836690501', '2022-03-02', '2022-09-02 07:07:55.000000', 'broundtreey'),
	(36, '7 Upham Center', '2022-02-09 11:03:32.000000', b'0', '2002-07-20', 'nemesz@narod.ru', '2025-09-08', 'Nicol Emes', 'e60c24c5-6a46-4a9b-9675-27fcdd312709.png', 'UZclg3F0', '7831537751', '2022-09-13', '2022-09-06 07:50:47.000000', 'nemesz'),
	(37, '55 Tennessee Street', '2022-08-17 17:25:32.000000', b'1', '2002-10-13', 'mfretson10@mlb.com', '2025-02-13', 'Monti Fretson', 'e60c24c5-6a46-4a9b-9675-27fcdd312709.png', 'FEldP0senVm', '1912582830', '2022-11-20', '2022-04-11 17:29:35.000000', 'mfretson10'),
	(38, '9058 Dapin Drive', '2022-12-23 15:20:41.000000', b'1', '2002-07-02', 'pleveridge11@google.pl', '2025-10-10', 'Pernell Leveridge', 'e60c24c5-6a46-4a9b-9675-27fcdd312709.png', 'CvTfnrSNpP6Q', '7973388747', '2022-01-07', '2022-12-20 23:02:56.000000', 'pleveridge11'),
	(39, '8365 Bartelt Way', '2022-08-31 01:46:24.000000', b'1', '2002-07-24', 'istruis12@uiuc.edu', '2025-02-05', 'Ilise Struis', 'e60c24c5-6a46-4a9b-9675-27fcdd312709.png', 'hH8O9bXL5Th', '4481299246', '2022-12-03', '2022-12-14 21:13:56.000000', 'istruis12'),
	(40, '18677 Buena Vista Circle', '2022-01-04 06:55:39.000000', b'1', '2002-02-09', 'jlarby13@mapy.cz', '2025-05-17', 'Jenni Larby', 'e60c24c5-6a46-4a9b-9675-27fcdd312709.png', 'Tf4bitRM', '6901478051', '2022-04-13', '2022-03-21 11:47:59.000000', 'jlarby13'),
	(41, '76835 Parkside Lane', '2022-02-08 17:31:32.000000', b'0', '2002-11-28', 'bmoar14@blogger.com', '2025-05-13', 'Bondy Moar', 'e60c24c5-6a46-4a9b-9675-27fcdd312709.png', 'VkutTVcYOAGk', '1955597962', '2022-04-07', '2022-06-09 17:17:17.000000', 'bmoar14'),
	(42, '2 Montana Place', '2022-06-19 23:23:29.000000', b'0', '2002-02-27', 'dantonov15@indiegogo.com', '2025-02-05', 'Der Antonov', 'e60c24c5-6a46-4a9b-9675-27fcdd312709.png', 'KK4oDL0UGqHA', '5949344511', '2022-06-21', '2022-02-06 14:46:38.000000', 'dantonov15'),
	(43, '0 Montana Place', '2022-07-08 11:58:24.000000', b'0', '2002-01-04', 'clayborn16@walmart.com', '2025-11-07', 'Carey Layborn', 'e60c24c5-6a46-4a9b-9675-27fcdd312709.png', 'dadkh2tzK0y4', '4535522991', '2022-08-05', '2022-07-12 01:54:22.000000', 'clayborn16'),
	(44, '63356 Butterfield Pass', '2022-10-31 17:17:49.000000', b'0', '2002-07-16', 'jnye17@tuttocitta.it', '2025-11-29', 'June Nye', 'e60c24c5-6a46-4a9b-9675-27fcdd312709.png', '5wVwnGTkLgw', '9023026808', '2022-06-26', '2022-08-28 13:59:03.000000', 'jnye17'),
	(45, '2628 Dottie Court', '2022-02-11 23:45:08.000000', b'1', '2002-06-25', 'rwegener18@amazon.de', '2025-05-20', 'Rana Wegener', 'e60c24c5-6a46-4a9b-9675-27fcdd312709.png', 'i8d2lGX3', '7234710236', '2022-12-03', '2022-09-01 11:15:11.000000', 'rwegener18'),
	(46, '351 Gale Center', '2022-09-01 21:37:13.000000', b'0', '2002-05-12', 'lbarnwille19@cdc.gov', '2025-08-17', 'Liesa Barnwille', 'e60c24c5-6a46-4a9b-9675-27fcdd312709.png', 'eJAXEVCgxQ', '7462425549', '2022-09-26', '2022-10-11 12:15:53.000000', 'lbarnwille19'),
	(47, '1 Talisman Center', '2022-02-25 12:45:50.000000', b'1', '2002-12-27', 'ebart1a@yale.edu', '2025-08-23', 'Elana Bart', 'e60c24c5-6a46-4a9b-9675-27fcdd312709.png', 'Z3Pc3LjUKs', '4293625056', '2022-12-24', '2022-06-19 17:25:56.000000', 'ebart1a'),
	(48, '6 Independence Center', '2022-08-10 06:49:05.000000', b'0', '2002-10-11', 'dbooth1b@mapquest.com', '2025-02-05', 'Dorothy Booth', 'e60c24c5-6a46-4a9b-9675-27fcdd312709.png', 'lTFtY5461n9y', '6961085406', '2022-11-23', '2022-11-07 12:53:51.000000', 'dbooth1b'),
	(49, '16361 Clemons Circle', '2022-09-28 08:13:49.000000', b'0', '2002-04-08', 'mscreech1c@cisco.com', '2025-12-29', 'Maighdiln Screech', 'e60c24c5-6a46-4a9b-9675-27fcdd312709.png', 'KfXyA7arg4m', '4572907215', '2022-07-13', '2022-04-21 18:23:43.000000', 'mscreech1c'),
	(50, '162 Vahlen Crossing', '2022-03-21 00:37:54.000000', b'0', '2002-06-17', 'bboddie1d@nydailynews.com', '2025-10-01', 'Brenda Boddie', 'e60c24c5-6a46-4a9b-9675-27fcdd312709.png', 'JN435GaB9', '8251293466', '2022-01-04', '2022-04-25 12:20:18.000000', 'bboddie1d'),
	(51, '129 Tomscot Junction', '2022-04-07 14:12:51.000000', b'0', '2002-04-18', 'egallihaulk1e@businessinsider.com', '2025-03-20', 'Eachelle Gallihaulk', 'e60c24c5-6a46-4a9b-9675-27fcdd312709.png', '37fzEIEl', '5762570932', '2022-02-03', '2022-07-25 17:17:27.000000', 'egallihaulk1e'),
	(52, '30376 Bobwhite Hill', '2022-07-17 20:40:45.000000', b'0', '2002-01-06', 'etempleton1f@tinypic.com', '2025-12-10', 'Elayne Templeton', 'e60c24c5-6a46-4a9b-9675-27fcdd312709.png', 'mzw9DIG', '5125339976', '2022-11-30', '2022-01-29 01:03:28.000000', 'etempleton1f'),
	(53, '7101 Kedzie Place', '2022-11-01 06:04:32.000000', b'1', '2002-12-19', 'rgettings1g@furl.net', '2025-12-27', 'Rossie Gettings', 'e60c24c5-6a46-4a9b-9675-27fcdd312709.png', '2V6dMs8', '9501458593', '2022-01-07', '2022-09-05 14:56:15.000000', 'rgettings1g'),
	(54, '474 Myrtle Parkway', '2022-06-17 13:03:44.000000', b'1', '2002-08-12', 'jschowenburg1h@intel.com', '2025-01-25', 'Johnath Schowenburg', 'e60c24c5-6a46-4a9b-9675-27fcdd312709.png', 'uRMQ8rgJfRd', '9538861649', '2022-06-21', '2022-11-29 08:11:37.000000', 'jschowenburg1h'),
	(55, '93626 Northwestern Road', '2022-04-18 04:15:05.000000', b'0', '2002-11-17', 'atureville1i@mysql.com', '2025-04-12', 'Aldo Tureville', 'e60c24c5-6a46-4a9b-9675-27fcdd312709.png', 'GKS0Q2Z', '7476242149', '2022-08-27', '2022-06-03 08:54:51.000000', 'atureville1i'),
	(56, '93 Hudson Park', '2022-09-09 00:25:36.000000', b'1', '2002-12-09', 'dtodaro1j@virginia.edu', '2025-08-21', 'Dannye Todaro', 'e60c24c5-6a46-4a9b-9675-27fcdd312709.png', 'FYUuHzlw5hq', '1697881138', '2022-09-09', '2022-09-12 22:14:23.000000', 'dtodaro1j'),
	(57, '48 East Street', '2022-10-13 03:47:28.000000', b'0', '2002-06-18', 'ibucklee1k@umn.edu', '2025-11-30', 'Ivonne Bucklee', 'e60c24c5-6a46-4a9b-9675-27fcdd312709.png', 'U9PNISdUcL', '7886892229', '2022-02-01', '2022-05-21 18:17:04.000000', 'ibucklee1k'),
	(58, '2617 Delladonna Pass', '2022-03-14 16:04:22.000000', b'1', '2002-06-20', 'byoules1l@cnn.com', '2025-06-15', 'Bryon Youles', 'e60c24c5-6a46-4a9b-9675-27fcdd312709.png', 'tHQ5O7lNkRmw', '9429239365', '2022-12-17', '2022-01-12 02:40:41.000000', 'byoules1l'),
	(59, '00867 Hoepker Park', '2022-03-05 22:46:49.000000', b'1', '2002-12-24', 'gnairy1m@intel.com', '2025-03-18', 'Gusta Nairy', 'e60c24c5-6a46-4a9b-9675-27fcdd312709.png', 'jWIsEe2Ogo5e', '1507126329', '2022-04-07', '2022-11-01 12:13:36.000000', 'gnairy1m'),
	(60, '9 Cordelia Place', '2022-08-22 23:28:57.000000', b'0', '2002-07-09', 'achapleo1n@abc.net.au', '2025-11-26', 'Alick Chapleo', 'e60c24c5-6a46-4a9b-9675-27fcdd312709.png', 'v0Ro4I', '8957542959', '2022-10-22', '2022-07-26 18:50:48.000000', 'achapleo1n'),
	(61, '8 Commercial Terrace', '2022-12-27 18:55:20.000000', b'0', '2002-06-15', 'mmatousek1o@angelfire.com', '2025-06-01', 'Merralee Matousek', 'e60c24c5-6a46-4a9b-9675-27fcdd312709.png', 'hWGODtiGPr5D', '8464288412', '2022-11-24', '2022-10-10 15:42:21.000000', 'mmatousek1o'),
	(62, '0675 Melody Road', '2022-06-12 13:40:01.000000', b'1', '2002-06-12', 'cmumford1p@rediff.com', '2025-07-04', 'Consuela Mumford', 'e60c24c5-6a46-4a9b-9675-27fcdd312709.png', 'tnNePnQVvK', '9845339345', '2022-11-23', '2022-08-03 10:24:13.000000', 'cmumford1p'),
	(63, '433 New Castle Junction', '2022-02-19 02:41:45.000000', b'1', '2002-05-12', 'hnaisbitt1q@unblog.fr', '2025-10-30', 'Hollie Naisbitt', 'e60c24c5-6a46-4a9b-9675-27fcdd312709.png', '4KU7S0e', '5507601089', '2022-09-06', '2022-06-25 17:31:48.000000', 'hnaisbitt1q'),
	(64, '7772 Starling Park', '2022-01-20 06:43:27.000000', b'0', '2002-01-25', 'ctipens1r@instagram.com', '2025-03-09', 'Cleveland Tipens', 'e60c24c5-6a46-4a9b-9675-27fcdd312709.png', 'i7ozRv7s', '1316573588', '2022-02-04', '2022-03-25 05:22:30.000000', 'ctipens1r'),
	(65, '96473 Blackbird Junction', '2022-11-13 21:46:30.000000', b'0', '2002-02-15', 'hbremley1s@jimdo.com', '2025-07-03', 'Hannie Bremley', 'e60c24c5-6a46-4a9b-9675-27fcdd312709.png', 'kkyhzg09hS2A', '4726066745', '2022-07-09', '2022-05-28 13:39:21.000000', 'hbremley1s'),
	(66, '3294 Oak Valley Park', '2022-06-19 06:04:35.000000', b'1', '2002-07-05', 'flocker1t@geocities.com', '2025-06-08', 'Franky Locker', 'e60c24c5-6a46-4a9b-9675-27fcdd312709.png', 'VY6RqJgFtQ', '4766990633', '2022-05-05', '2022-10-07 12:18:14.000000', 'flocker1t'),
	(67, '533 Dawn Pass', '2022-03-01 10:05:06.000000', b'1', '2002-12-18', 'gidenden1u@si.edu', '2025-05-11', 'Georgina Idenden', 'e60c24c5-6a46-4a9b-9675-27fcdd312709.png', 'YtYrqrGol', '8038202927', '2022-11-06', '2022-10-16 00:51:42.000000', 'gidenden1u'),
	(68, '54 Vahlen Lane', '2022-05-13 02:56:12.000000', b'1', '2002-09-08', 'tyurevich1v@lulu.com', '2025-12-18', 'Tremaine Yurevich', 'e60c24c5-6a46-4a9b-9675-27fcdd312709.png', 'G2KEa5J', '1514898231', '2022-11-29', '2022-09-17 04:59:13.000000', 'tyurevich1v'),
	(69, '6580 Badeau Terrace', '2022-01-11 01:45:52.000000', b'0', '2002-08-01', 'sblyde1w@bloglovin.com', '2025-03-04', 'Stacia Blyde', 'e60c24c5-6a46-4a9b-9675-27fcdd312709.png', 'dMnFNNrNidO', '8951969710', '2022-07-30', '2022-05-07 19:10:22.000000', 'sblyde1w'),
	(70, '7024 Hallows Place', '2022-07-08 10:28:43.000000', b'0', '2002-01-05', 'jruff1x@smugmug.com', '2025-02-22', 'Jennilee Ruff', 'e60c24c5-6a46-4a9b-9675-27fcdd312709.png', 'pjf2JnQILUu', '2041521570', '2022-11-26', '2022-12-22 00:03:38.000000', 'jruff1x'),
	(71, '12574 Heffernan Point', '2022-10-22 19:34:30.000000', b'1', '2002-07-06', 'aboyne1y@scientificamerican.com', '2025-05-20', 'Ami Boyne', 'e60c24c5-6a46-4a9b-9675-27fcdd312709.png', 'PFjbWNgMQhs', '6159357407', '2022-11-08', '2022-07-29 12:01:17.000000', 'aboyne1y'),
	(72, '6 La Follette Circle', '2022-04-15 08:37:01.000000', b'0', '2002-04-14', 'oedelheid1z@merriam-webster.com', '2025-11-30', 'Othelia Edelheid', 'e60c24c5-6a46-4a9b-9675-27fcdd312709.png', 'nUzC4MOPe', '4639896712', '2022-07-29', '2022-10-07 20:03:15.000000', 'oedelheid1z'),
	(73, '5231 Cottonwood Hill', '2022-08-28 06:24:05.000000', b'1', '2002-03-03', 'spunter20@plala.or.jp', '2025-07-18', 'Shepperd Punter', 'e60c24c5-6a46-4a9b-9675-27fcdd312709.png', 'DtDAuGUgj', '2794606893', '2022-07-23', '2022-11-26 13:39:49.000000', 'spunter20'),
	(74, '6 Marcy Alley', '2022-02-15 18:52:37.000000', b'0', '2002-01-07', 'echesters21@issuu.com', '2025-01-31', 'Emmett Chesters', 'e60c24c5-6a46-4a9b-9675-27fcdd312709.png', 'L1Ubdl', '7104320099', '2022-06-12', '2022-08-30 02:52:50.000000', 'echesters21'),
	(75, '8 Eastlawn Place', '2022-07-29 08:42:02.000000', b'0', '2002-03-01', 'lshipway22@chronoengine.com', '2025-09-25', 'Lucian Shipway', 'e60c24c5-6a46-4a9b-9675-27fcdd312709.png', 'UmniAN', '6996490906', '2022-03-23', '2022-12-21 12:02:21.000000', 'lshipway22'),
	(76, '24384 Green Crossing', '2022-04-28 06:12:00.000000', b'0', '2002-04-07', 'scuffe23@gravatar.com', '2025-02-21', 'Sascha Cuffe', 'e60c24c5-6a46-4a9b-9675-27fcdd312709.png', 'r4TOgl', '9147025843', '2022-09-10', '2022-05-15 07:44:14.000000', 'scuffe23'),
	(77, '5353 Logan Plaza', '2022-01-12 12:12:31.000000', b'0', '2002-10-18', 'sallcorn24@go.com', '2025-08-19', 'Shepperd Allcorn', 'e60c24c5-6a46-4a9b-9675-27fcdd312709.png', '44876HurjnGZ', '6331384520', '2022-06-13', '2022-04-18 04:46:37.000000', 'sallcorn24'),
	(78, '98125 Autumn Leaf Circle', '2022-08-08 18:42:12.000000', b'1', '2002-06-18', 'glavies25@tinypic.com', '2025-09-05', 'Georgeanna Lavies', 'e60c24c5-6a46-4a9b-9675-27fcdd312709.png', 'NeYPuSndUu8o', '7149798524', '2022-09-24', '2022-09-10 08:01:00.000000', 'glavies25'),
	(79, '9 Texas Avenue', '2022-05-24 23:52:18.000000', b'1', '2002-10-19', 'rpfeffle26@intel.com', '2025-06-12', 'Roderick Pfeffle', 'e60c24c5-6a46-4a9b-9675-27fcdd312709.png', 'z7XU2BACNN', '4103309950', '2022-10-18', '2022-02-07 12:39:38.000000', 'rpfeffle26'),
	(80, '43 Utah Pass', '2022-05-26 16:56:55.000000', b'1', '2002-03-30', 'slaunder27@ezinearticles.com', '2025-01-18', 'Stanleigh Launder', 'e60c24c5-6a46-4a9b-9675-27fcdd312709.png', 'I8WEqZ7dmb4g', '2553968802', '2022-12-22', '2022-01-12 08:42:31.000000', 'slaunder27'),
	(81, '84648 Iowa Crossing', '2022-04-03 08:14:33.000000', b'0', '2002-07-22', 'ghastewell28@google.de', '2025-01-03', 'Glori Hastewell', 'e60c24c5-6a46-4a9b-9675-27fcdd312709.png', 'DvqnmXZjWYs', '6539527747', '2022-05-18', '2022-06-25 10:21:12.000000', 'ghastewell28'),
	(82, '8 Lakeland Point', '2022-09-18 02:23:40.000000', b'0', '2002-07-03', 'apoint29@de.vu', '2025-05-29', 'Ardis Point', 'e60c24c5-6a46-4a9b-9675-27fcdd312709.png', 'cciE0tUfV', '2424614024', '2022-04-16', '2022-03-31 11:08:17.000000', 'apoint29'),
	(83, '2901 Jay Terrace', '2022-12-14 15:12:29.000000', b'1', '2002-12-14', 'bstubbins2a@goo.ne.jp', '2025-12-23', 'Burton Stubbins', 'e60c24c5-6a46-4a9b-9675-27fcdd312709.png', 'PNsjE1Tm', '6473388883', '2022-01-26', '2022-12-21 13:04:55.000000', 'bstubbins2a'),
	(84, '4315 Express Alley', '2022-02-28 01:48:25.000000', b'1', '2002-12-24', 'fhabbon2b@about.com', '2025-08-07', 'Franny Habbon', 'e60c24c5-6a46-4a9b-9675-27fcdd312709.png', 'aX7Bm6pcl8h', '1158576183', '2022-01-20', '2022-09-21 03:33:35.000000', 'fhabbon2b'),
	(85, '0962 East Crossing', '2022-08-05 12:20:01.000000', b'0', '2002-05-09', 'spaterno2c@prlog.org', '2025-10-19', 'Stacie Paterno', 'e60c24c5-6a46-4a9b-9675-27fcdd312709.png', 'TzMEjs', '8179452085', '2022-10-09', '2022-03-13 07:00:47.000000', 'spaterno2c'),
	(86, '9781 Duke Point', '2022-01-15 02:39:12.000000', b'1', '2002-06-24', 'ccolebourne2d@netscape.com', '2025-01-17', 'Cariotta Colebourne', 'e60c24c5-6a46-4a9b-9675-27fcdd312709.png', '16tX4JIWaC9F', '4486066559', '2022-09-06', '2022-06-02 17:49:21.000000', 'ccolebourne2d'),
	(87, '070 Cordelia Drive', '2022-12-09 17:01:34.000000', b'0', '2002-12-24', 'vbromby2e@networkadvertising.org', '2025-06-28', 'Valentine Bromby', 'e60c24c5-6a46-4a9b-9675-27fcdd312709.png', '1MWCXl7TEV', '1063357187', '2022-03-18', '2022-05-21 18:44:26.000000', 'vbromby2e'),
	(88, '8142 Thompson Alley', '2022-09-13 11:44:21.000000', b'1', '2002-06-29', 'bfullstone2f@is.gd', '2025-05-29', 'Bryanty Fullstone', 'e60c24c5-6a46-4a9b-9675-27fcdd312709.png', 'eEdZ1bTp7b', '5719160055', '2022-02-10', '2022-05-09 19:47:08.000000', 'bfullstone2f'),
	(89, '31954 Waywood Avenue', '2022-01-28 14:04:42.000000', b'1', '2002-03-09', 'lmanie2g@wikispaces.com', '2025-05-06', 'Lu Manie', 'e60c24c5-6a46-4a9b-9675-27fcdd312709.png', 'vD61UMx8X', '2834876820', '2022-09-11', '2022-10-21 00:10:33.000000', 'lmanie2g'),
	(90, '20479 Russell Crossing', '2022-05-16 21:01:42.000000', b'1', '2002-11-08', 'tbolstridge2h@microsoft.com', '2025-06-28', 'Terrijo Bolstridge', 'e60c24c5-6a46-4a9b-9675-27fcdd312709.png', '01JAQ0E', '6754796519', '2022-10-18', '2022-03-28 11:04:56.000000', 'tbolstridge2h'),
	(91, '57 Orin Place', '2022-01-14 07:47:02.000000', b'0', '2002-01-14', 'mmatteoli2i@canalblog.com', '2025-09-18', 'Modestia Matteoli', 'e60c24c5-6a46-4a9b-9675-27fcdd312709.png', 'BThcFUGVWNQ0', '3926450098', '2022-07-24', '2022-03-06 05:30:37.000000', 'mmatteoli2i'),
	(92, '32 Dayton Center', '2022-09-13 00:29:31.000000', b'1', '2002-10-27', 'hanglim2j@imgur.com', '2025-10-23', 'Henri Anglim', 'e60c24c5-6a46-4a9b-9675-27fcdd312709.png', '4wXN1lmk', '2051335091', '2022-06-28', '2022-01-27 02:15:16.000000', 'hanglim2j'),
	(93, '32103 Vera Crossing', '2022-07-04 09:53:46.000000', b'0', '2002-11-10', 'cbastie2k@wufoo.com', '2025-08-18', 'Cameron Bastie', 'e60c24c5-6a46-4a9b-9675-27fcdd312709.png', '8FSUu9czH7wH', '3163004892', '2022-07-30', '2022-09-29 11:26:53.000000', 'cbastie2k'),
	(94, '90 Sommers Avenue', '2022-01-14 02:12:32.000000', b'0', '2002-07-29', 'zlenz2l@hatena.ne.jp', '2025-05-09', 'Zebulon Lenz', 'e60c24c5-6a46-4a9b-9675-27fcdd312709.png', '7XYlIjCYS', '2436054416', '2022-03-12', '2022-06-02 07:08:56.000000', 'zlenz2l'),
	(95, '4499 Morningstar Circle', '2022-12-08 06:30:33.000000', b'0', '2002-12-10', 'rtompion2m@alexa.com', '2025-06-08', 'Randal Tompion', 'e60c24c5-6a46-4a9b-9675-27fcdd312709.png', 'o9o2sLGp', '4155552060', '2022-03-09', '2022-06-05 06:24:06.000000', 'rtompion2m'),
	(96, '07906 Towne Road', '2022-06-07 22:38:10.000000', b'1', '2002-10-20', 'sfateley2n@si.edu', '2025-02-08', 'Sascha Fateley', 'e60c24c5-6a46-4a9b-9675-27fcdd312709.png', '2pzh4PL', '4479242971', '2022-06-28', '2022-03-28 07:17:16.000000', 'sfateley2n'),
	(97, '26362 Barby Park', '2022-03-10 13:10:24.000000', b'1', '2002-08-01', 'hleefe2o@1688.com', '2025-08-10', 'Hammad Leefe', 'e60c24c5-6a46-4a9b-9675-27fcdd312709.png', 'sicb0KMS', '3109802431', '2022-04-01', '2022-03-25 20:20:26.000000', 'hleefe2o'),
	(98, '2 Orin Alley', '2022-06-01 00:39:22.000000', b'0', '2002-09-14', 'cchoak2p@washingtonpost.com', '2025-07-27', 'Corenda Choak', 'e60c24c5-6a46-4a9b-9675-27fcdd312709.png', 'CWb5NON2s', '3944828593', '2022-04-01', '2022-03-12 23:32:40.000000', 'cchoak2p'),
	(99, '554 Burrows Place', '2022-02-16 12:48:10.000000', b'1', '2002-08-31', 'bguillerman2q@tumblr.com', '2025-04-28', 'Blondy Guillerman', 'e60c24c5-6a46-4a9b-9675-27fcdd312709.png', 'KNyOwIBy49e3', '8313285555', '2022-03-25', '2022-05-04 15:35:45.000000', 'bguillerman2q'),
	(100, '3 Del Sol Circle', '2022-04-27 01:09:03.000000', b'0', '2002-06-08', 'hgarden2r@blinklist.com', '2025-11-15', 'Hulda Garden', 'e60c24c5-6a46-4a9b-9675-27fcdd312709.png', 'fM2xuvp', '7472902717', '2022-06-03', '2022-07-13 02:37:58.000000', 'hgarden2r'),
	(101, '3 Del Sol Circle', '2022-04-27 01:09:03.000000', b'0', '2002-06-08', 'admin@gmail.com', '2025-11-15', 'Hulda Garden', 'e60c24c5-6a46-4a9b-9675-27fcdd312709.png', '$2a$10$T6hjJryxQfVrNcNYjsAv.ux5jvJ/pJ4EfQcVkxp0FYptMVnK0vNhi', '7472902717', '2022-06-03', '2022-07-13 02:37:58.000000', 'admin');
/*!40000 ALTER TABLE `user` ENABLE KEYS */;

-- Dumping structure for table school_management.user_role
CREATE TABLE IF NOT EXISTS `user_role` (
  `user_id` int NOT NULL,
  `role_id` int NOT NULL,
  PRIMARY KEY (`user_id`,`role_id`),
  KEY `FKa68196081fvovjhkek5m97n3y` (`role_id`),
  CONSTRAINT `FK859n2jvi8ivhui0rl0esws6o` FOREIGN KEY (`user_id`) REFERENCES `user` (`id`),
  CONSTRAINT `FKa68196081fvovjhkek5m97n3y` FOREIGN KEY (`role_id`) REFERENCES `role` (`id`)
) ENGINE=InnoDB DEFAULT CHARSET=utf8mb3;

-- Dumping data for table school_management.user_role: ~101 rows (approximately)
DELETE FROM `user_role`;
/*!40000 ALTER TABLE `user_role` DISABLE KEYS */;
INSERT INTO `user_role` (`user_id`, `role_id`) VALUES
	(101, 1),
	(1, 2),
	(2, 2),
	(3, 2),
	(4, 2),
	(5, 2),
	(6, 2),
	(7, 2),
	(8, 2),
	(9, 2),
	(10, 2),
	(11, 2),
	(12, 2),
	(13, 2),
	(14, 2),
	(15, 2),
	(16, 2),
	(17, 2),
	(18, 2),
	(19, 2),
	(20, 2),
	(21, 2),
	(22, 2),
	(23, 2),
	(24, 2),
	(25, 2),
	(26, 2),
	(27, 2),
	(28, 2),
	(29, 2),
	(30, 2),
	(31, 2),
	(32, 2),
	(33, 2),
	(34, 2),
	(35, 2),
	(36, 2),
	(37, 2),
	(38, 2),
	(39, 2),
	(40, 2),
	(41, 2),
	(42, 2),
	(43, 2),
	(44, 2),
	(45, 2),
	(46, 2),
	(47, 2),
	(48, 2),
	(49, 2),
	(50, 2),
	(51, 2),
	(52, 2),
	(53, 2),
	(54, 2),
	(55, 2),
	(56, 2),
	(57, 2),
	(58, 2),
	(59, 2),
	(60, 2),
	(61, 2),
	(62, 2),
	(63, 2),
	(64, 2),
	(65, 2),
	(66, 2),
	(67, 2),
	(68, 2),
	(69, 2),
	(70, 2),
	(71, 2),
	(72, 2),
	(73, 2),
	(74, 2),
	(75, 2),
	(76, 2),
	(77, 2),
	(78, 2),
	(79, 2),
	(80, 2),
	(81, 2),
	(82, 2),
	(83, 2),
	(84, 2),
	(85, 2),
	(86, 2),
	(87, 2),
	(88, 2),
	(89, 2),
	(90, 2),
	(91, 2),
	(92, 2),
	(93, 2),
	(94, 2),
	(95, 2),
	(96, 2),
	(97, 2),
	(98, 2),
	(99, 2),
	(100, 2);
/*!40000 ALTER TABLE `user_role` ENABLE KEYS */;

/*!40101 SET SQL_MODE=IFNULL(@OLD_SQL_MODE, '') */;
/*!40014 SET FOREIGN_KEY_CHECKS=IFNULL(@OLD_FOREIGN_KEY_CHECKS, 1) */;
/*!40101 SET CHARACTER_SET_CLIENT=@OLD_CHARACTER_SET_CLIENT */;
/*!40111 SET SQL_NOTES=IFNULL(@OLD_SQL_NOTES, 1) */;
